Date,RPI,DPCERA3M086SBEA,INDPRO,CUMFNS,UNRATE,PAYEMS,CES0600000007,CES0600000008,WPSFD49207,PCEPI,HOUST,S&P 500,EXUSUKx,GS5,GS10,BAAFFM,FEDFUNDS,TB3MS,GS1,M2SL,BUSLOANS,CPIAUCSL,OILPRICEx,RETAILx,PERMIT
1959.25,0.00645660422337002,0.0094043563687527,0.0143060663526526,1.0341,-0.300000000000001,0.00616830397979129,40,-2.18362066152222e-05,-0.00301659353942574,-0.000330107979473748,7.39018142822643,0.0250621609219248,0.00120953412113445,0.0300000000000002,0.0300000000000002,2.05,0.37,0.0999999999999996,0.0699999999999998,0.0013694645636777,-0.00275169962262556,-0.000690250058376307,-0.0100503358535011,0.00832119932219655,NaN
1959.33333333333,0.00651033773881071,-0.00362155217010329,0.0210739183822852,1.5153,-0.399999999999999,0.00577422020951346,40.2,-2.16335493089526e-05,0,0.00131457758562092,7.37148929521428,0.0165993569444094,0.00135010323925711,0.13,0.13,1.9,0.16,0.15,0.11,-0.00209301888435931,0.014651215772072,0.00138014331649217,0.0100503358535011,0.000615712200280782,NaN
1959.41666666667,0.00579641808824238,0.012042519233983,0.0149532223346998,0.923699999999997,-0.100000000000001,0.00428554707044526,40.3,-2.14337002079068e-05,0.00300752106395485,-0.00144764499084804,7.31188616407716,0.0149490007905166,-0.000710353430687372,0.23,0.19,2.06,-0.0600000000000001,-0.11,0.24,0.00410560734649223,0.00872492996851282,0.00172312795278184,0,0.00780339473978309,NaN
1959.5,0.00306825835049995,0.00364206019020763,0.00114397097468455,-0.147299999999987,-0.0999999999999996,0.00244332450822426,40.2,-0.00461894585629441,-0.00601504212790971,0.00235991650651668,7.31521838975297,-0.008664063901338,-0.000710858391405722,0.15,0.0300000000000002,1.65,0.49,0.37,0.11,-0.000731461945890466,0.00188523578242572,0.00033931473687776,0,0.00906434118733657,NaN
1959.58333333333,-0.00057998414876792,-0.00338604380376095,-0.0242375066645515,-1.78880000000001,0.0999999999999996,0.00228869244435259,39.9,0,-9.07247547088375e-06,-0.000792154474595019,7.34407285057307,0.0389127592368208,-0.000284484906438287,0.0800000000000001,0.0600000000000005,1.61,0.0800000000000001,-0.00999999999999979,0.319999999999999,-0.00274809907698259,-0.0086986113154941,-0.00103441276196747,0,-0.000330178130262482,NaN
1959.66666666667,-0.00565327936695681,0.00599759342650819,-0.0344657021018229,-3.51219999999999,0.100000000000001,-0.00873628853057618,40,0,-9.12737711145084e-06,-0.000656688424478524,7.26542972325395,-0.00570758641936475,-0.000782751053984398,-0.00999999999999979,0.0299999999999994,1.59,0.0299999999999998,0.18,0.0300000000000002,0.00032355352924629,-0.00280516006994525,-0.000344524740830909,0,0.00636420631352053,NaN
1959.75,0.000763458747892187,0.0100007163018612,-0.0012131779557305,-0.418700000000001,0.3,0.0017234277990994,40,0,0.0150740594327115,0.00117011954679747,7.33953769540767,-0.0403661500605148,-0.00206655813587719,0.33,0.25,1.42,0.26,0.66,0.58,-0.00304516682076983,-0.0067150144005983,0.00136740028508742,0,-0.0131569979521906,NaN
1959.83333333333,0.00127138995874798,-0.00682510232797462,-0.00728749443237042,-0.895200000000003,0.2,-0.00131103346929962,39.6,0,-0.0210709561158113,-0.000201538225563347,7.2115567333138,-0.000876808473534219,0.000926916287398827,-0.180000000000001,-0.149999999999999,1.3,0.22,0.00999999999999979,-0.2,-0.0016859427338396,-0.000558851137233418,0.00101694201301417,0,0.00728801823486869,NaN
1959.91666666667,0.00755923969416195,-0.000443979330541744,0.00607734432056262,0.351399999999998,0.0999999999999996,0.00515927568821262,39.6,0,0.00599689668309988,-0.00175611988775692,7.25559127425367,0.00402696858646046,-0.00128365145099951,0.0300000000000002,0,1.26,0.02,0.100000000000001,0.00999999999999979,0.00269587288977657,0.00349740900448703,-0.00341297259623996,0,-0.0267039311652759,NaN
1960,0.010192022544314,-0.00114256709141758,0.0599825658592281,5.06310000000001,-0.5,0.0100178932196258,40,0.0137301928119021,0.00302572091653719,0.000518183964305141,7.37838371299671,0.031475639894766,-0.00153541298843729,0.26,0.16,1.29,-0.00999999999999979,0.34,0.33,0.000331773750565922,0.00783766130290253,0.00204220629179819,0,-0.00464379592673403,NaN
1960.08333333333,0.00322588955406555,0.0027906404867637,0.025915590147688,1.99339999999999,-0.0999999999999996,0.00184420235213878,40.1,-0.00468035729198424,0.00302572091653719,-0.00175068911070797,7.28619171470238,-0.0175937581132599,0.000500160776387037,-0.0899999999999999,0.0299999999999994,1.35,0,-0.140000000000001,-0.109999999999999,-0.00101105570061755,-0.00675650407767892,-0.00340321364717333,0,0.0266055068808839,6.99576615630485
1960.16666666667,0.00114746875264782,0.00436060981045561,-0.00893778174840998,-0.950800000000001,-0.4,0.00439391442949422,39.7,-0.00455544593207868,-0.00302572091653719,0.00162045782373443,7.31521838975297,-0.0395447360031742,0.00124930858104477,-0.23,-0.23,1.37,-0.02,-0.39,-0.37,-0.000671816081762699,-0.00453066531511359,0.00272201471075029,0,0.00369645362438042,6.99209642741589
1960.25,0.0018768579734596,0.0140887086633033,-0.0090183866615372,-1.3687,0.600000000000001,-0.00108289676260931,39.5,-2.01091929179498e-05,0.00902261759963707,-0.000454163376816474,7.01121398735037,-0.0137186267029143,0.00092704848684555,-0.380000000000001,-0.24,1.41,-0.13,-0.65,-0.640000000000001,0.00234108053008075,0.00180254472416852,-0.00136100735537514,0,-0.00110198900314096,6.86171134048073
1960.33333333333,0.00346458655813553,0.0153023285810958,-0.00795942173774078,-0.982799999999997,-0.2,0.00657108352521796,39.8,-0.00894856078984252,-0.00902261759963707,0.00303613276487935,7.16162200293919,0.0128218460850169,0.00128218844363781,-0.0199999999999996,0.0300000000000002,1.28,0.0800000000000001,-0.0800000000000001,0.0200000000000005,-0.000342208941378708,0.00656375907842888,0.00441052453733004,0,0.0259033910349249,6.92362862813843
1960.41666666667,0.00240529324396732,-0.0203514276666739,-0.00114103694026424,-0.788199999999989,-0.100000000000001,-0.00618551126695444,39.6,0.00894856078984252,0,-0.00258738509980994,7.14755927118945,-0.00919339507943651,-0.00124654988984663,0.2,0.0699999999999994,1.43,-0.0699999999999998,0.0600000000000001,0.17,-7.10639799184065e-06,-0.00307595420953444,-0.00339546777617805,0,-0.0150468309485934,6.95844839329766
1960.5,0.000763741502919579,-0.000250000001302375,-0.0126509898347678,-1.2475,0.300000000000001,-0.00233406646860779,39.5,-0.00447428039492126,0,-0.000580605264652423,7.12849594568004,0.0362770931679606,-0.00117674340963125,-0.37,-0.199999999999999,1.94,-0.53,-0.83,-0.85,0.0019796869597366,0.0020061629692445,0.000336751487962417,0,-0.00136429367062263,6.86484777797086
1960.58333333333,0.00179092286244309,0.00206063328090655,-0.00347901319686095,-0.496099999999998,0.0999999999999996,-0.000773096288988029,39.6,0.00445435034938013,0.00298953884836628,0.00135093089509519,7.08757370555797,-0.0251118412158524,0.0020316878903186,-0.33,-0.25,1.99,-0.0899999999999999,-0.16,-0.16,0.0012947747484926,-0.010325827592589,-0.0033802065105073,0,-0.0100988782867635,6.90675477864855
1960.66666666667,-0.00159695632326695,-0.000936125134671784,-0.00116092654103106,-0.677000000000007,0.0999999999999996,-0.000626277903650774,39.4,-1.97532815144896e-05,-0.00597907769673256,-0.000131610775011559,7.20340552108309,0.0119271551876352,0.000640729029146136,-0.17,-0.1,2.1,-0.25,0,-0.25,0.0032286740444647,-0.00266644316474762,0.00405679652278579,0,0.00341428795662679,6.90173720665657
1960.75,0.00130205459969623,0.00473403151467711,-0.0105225288829849,-1.1318,-0.0999999999999996,-0.000829500780287873,39.1,-0.00443459706786564,0.00298953884836628,-0.00109277352169768,7.00033446027523,-0.0305449545837266,0.000889220923271816,-0.0100000000000002,0,2.41,-0.38,0.18,0.12,-0.00428968687888709,0.00354435216655435,-0.00202839826139289,0,-0.000935016043433379,6.89162589705225
1960.83333333333,0.00294913445850131,0.00483541950147393,-0.00117457773466656,-0.390000000000001,0.6,-0.00156871462191432,39.4,0.00441501820911694,0.00894193737566162,0.000576534271935714,7.1276936993474,-0.0199011543172953,-0.000391159793761142,0.15,0.0900000000000003,2.64,-0.13,-0.18,-0.0299999999999998,-0.00131522962800723,0.00116290781144901,0.00471698987813873,0,0.00876573798895208,6.87935580446044
1960.91666666667,-0.00430518732695973,-0.00346921423401136,-0.0142169038855915,-1.7563,0,-0.00334866135329115,39,-0.00883003641823388,-0.00894193737566162,0.00223630765062932,7.1276936993474,0.0318708293264129,0.000711085858022376,0.0500000000000003,0.04,2.64,-0.0300000000000002,0.0700000000000003,0.04,0.000952774504580312,0.000804686278040645,-0.00370909461391467,0,-0.0143942710821428,6.88653164253051
1961,-0.00458098418395014,-0.0123635667903224,-0.0192803686922294,-1.5167,0.5,-0.00406674469283175,38,0.00441501820911694,-0.00297177038915741,-0.0031988111032959,6.96885037834195,0.0236939916599628,-0.00220601405954723,-0.14,-0.0900000000000003,3.12,-0.46,-0.12,-0.22,0.000299875960766194,0.00628495516840744,-1.01483010706005e-06,0,-0.0073313298129829,6.85751406254539
1961.08333333333,0.0089114091147211,0.002510041478478,0.00121456499420214,-0.146200000000007,0,-0.00109844088307653,39.2,0.00441501820911694,0.00297177038915741,-3.66900310133644e-08,7.07580886397839,0.0501306469438836,-0.000356264922361627,0,0,3.65,-0.53,-0.00999999999999979,-0.0499999999999998,0.000613887678246883,-0.0117299362048926,-1.01278853659181e-06,0,0.000780118695619336,6.87626461189077
1961.16666666667,0.00388884602958051,0.00362840560728195,-0.00121456499420214,-0.597499999999997,0.300000000000001,-0.00234987053300806,39.2,-1.94067360790307e-05,0.00297177038915741,0.000701784898748947,7.11151211649616,0.0402055956102565,-0.00231882093805313,-0.00999999999999979,-0.0600000000000001,2.53,1.09,0.18,0.12,0.00218484646056005,-0.000388814578511365,-0.00100586764558042,0,-0.00357123309985496,6.86797440897029
1961.25,0.00409550681804838,0.0123500499174902,0.0060671079167065,0.351699999999994,0,0.00190270166341477,39.1,-0.00439561147303791,-0.00594354077831483,-0.00146749398454205,7.17930796950403,0.0308837594601066,-0.000857541053730371,-0.0600000000000001,-0.0399999999999996,3,-0.52,-0.0299999999999998,-0.0500000000000003,-0.00194074233581443,0.00445265933467365,0,0,0.0105097304374961,6.90775527898214
1961.33333333333,0.00214069355232738,0.000493309500045225,0.0203447775067178,1.51920000000001,0.0999999999999996,-0.000596536378445478,39.1,0.004376374599799,-0.0029983965973468,-3.29873248716694e-07,7.06133436691044,0.0263193337384333,0.000214454214847004,-0.0300000000000002,0.0399999999999996,3.52,-0.53,-0.1,0,-0.000656980036390031,0.00140232452003497,-0.00100586764558042,0,-0.0178596108707367,6.90975328164481
1961.41666666667,0.0077163448184594,0.00608465046798345,0.0152872723466118,0.973099999999988,0.0999999999999996,0.00296053766552262,39.3,-1.90692308432716e-05,0.00297166399024773,0.00114902176726517,7.11314210870709,0.0101262861820226,-0.00146635458402034,-0.0999999999999996,-0.0699999999999998,3.03,0.49,0,-0.00999999999999979,0.0021499111199752,-0.00568029312781526,0.00201173529116083,0,0.0149235644244268,6.93439720992856
1961.5,0.00940780877996072,0.0023868550760735,0.0139039051694914,0.968100000000007,-0.199999999999999,0.00354481965061737,39.6,-1.89037703575146e-05,0.00299850299625648,-0.000127897165167923,7.23128700432762,-0.013321420128853,-0.00150435215877209,0.34,0.17,3.3,-0.25,0.04,0.19,-0.000667481217002219,0.00937326902202207,-0.00100586764558042,0,0.00740662228022515,6.97541392745595
1961.58333333333,0.00284726362442367,-0.00299978797911216,0.011442827425403,0.784599999999998,0.0999999999999996,0.00270120423263798,39.7,-0.00433840159859822,0,0.00171982016060168,7.19668657083435,-0.00274683523846342,-0.000860646972725698,0.0299999999999998,0.04,3.92,-0.56,-0.0899999999999999,-0.14,-0.00249592175528512,-0.00446838837211594,0.0026773777707163,0,-0.000771264883153933,6.98749024700099
1961.66666666667,0.000565927256729992,0.00354979257634813,0.00905923678977061,0.869600000000005,-0.4,0.00322815971026102,39.7,0.00431966114451632,0.00299850299625648,-0.00133933028491295,7.17930796950403,0.035280999148382,0.00554533378161048,0.12,0.12,3.11,0.83,0.15,0.14,0.00212309703541536,-0.00127435502037487,-0.00200915188551054,0,0.0109620173446725,7.05531284333975
1961.75,0.00122159436426639,0.00560498603965343,-0.00112687868656192,-0.822100000000006,0.100000000000001,0.0016561474444039,39.2,-0.00431966114451632,-0.00599700599251296,0.000316988566491094,7.26473017792987,-0.00784898513075039,0.0033124996896956,-0.0600000000000001,-0.0600000000000001,3.24,-0.12,-0.11,0,-0.000340715886881782,0.000899770053417903,0.000666887797763582,0,0.00174282491639133,7.00124562206948
1961.83333333333,0.00980605837428872,0.00623809672109354,0.0190069117848792,1.39660000000001,-0.2,0.00246074864782564,40,0.00858374369139148,0.00299850299625648,-0.00120761850821838,7.25488481007734,0.0109419988639834,0.00113725223714956,-0.1,-0.0600000000000001,2.87,0.38,0.02,-0.0100000000000002,-0.000938911353007832,0.00216148008611183,-0.00133511368296935,0,0.0178513570394738,7.02375895473844
1961.91666666667,0.00890446421967273,0.00967352152430134,0.0153854839274943,1.21299999999999,-0.4,0.00402694935750247,40.2,-0.00431934490493391,0.00299850299625648,0.000127052695147789,7.23345541862144,0.0442982981103439,-0.000177610429751063,0.02,0.02,2.5,0.35,0.18,0.02,0.00207843515285333,-0.00120952375938232,0,0,0.0070310293928717,7.04925484125584
1962,0.0059884238096144,0.00691219531986187,0.0086854334055646,0.838300000000004,-0.0999999999999996,0.00237196089825176,39.7,-0.00426439878645757,-0.00299850299625648,0.000190538694443187,7.21890970761906,0.00924246881768553,-0.00188461252331629,0.0900000000000003,0.12,2.77,-0.28,0.12,0.11,-0.000643539668449655,0.0117014830790301,0.00100016677782389,0,0.000371481135697849,7.05703698169789
1962.08333333333,-0.000999389383697924,0.000296868044335596,-0.00868948321006036,-1.36330000000001,-0.2,0.000346200453519074,39.3,0.00424629088145112,0.00298953884836628,0.00164936805598703,7.21597500265147,-0.0379279890032551,0.000498167465734278,0.0299999999999998,0.0200000000000005,2.93,-0.18,0.12,0.0999999999999996,-0.000335432194194851,-0.0110938547640242,-9.9933416564113e-07,0,0.00855880100921169,7.02286808608264
1962.16666666667,0.00423001638517384,-0.000475031182853414,0.0162248557562377,1.1859,-0.3,0.00539613769524827,39.9,-0.00424629088145112,-8.91071022834922e-06,0.000755301138941622,7.15305163493748,0.0165126876394046,0.00127986365593546,-0.0499999999999998,-0.04,2.7,0.22,0.00999999999999979,0,0.00173062779971733,-0.00688064507341979,0.00132834815405047,0,0.000105207557343334,7.08506429395255
1962.25,0.00685517400837643,0.00822173619596445,0.00535295103638944,0.464500000000001,0.0999999999999996,0.00157518839772308,40.1,0.00422833610952122,-0.00596125627627586,-0.00133201325388788,7.27447955877387,0.000996370447528427,0.000248672268994943,-0.21,-0.11,2.19,0.48,-0.00999999999999979,-0.22,0.00110807615068875,0.00793575763642584,-0.000336804920381351,0,0.016692266030951,7.0335064842877
1962.33333333333,0.00510748215733869,0.00346946924130265,0.00213397393917392,-0.148299999999992,0,0.0058984450890982,40.1,-1.78035731779325e-05,0.00298062813813793,-0.000190930855910487,7.32909373624659,-0.0323868120903397,-0.00046186915712787,-0.0800000000000001,-0.0900000000000003,2.24,-0.0700000000000003,0.00999999999999979,-0.0699999999999998,-0.00181156450793374,0.00461254679893841,-0.000665768449716886,0,0.00541699165246357,7.11882624906208
1962.41666666667,0.00141992566356919,0.00766063218309831,-0.00106839730796793,-0.408000000000001,-0.0999999999999996,0.000467499783756153,40.2,-0.00421053253634329,-0.00298953884836628,-0.000505352582625296,7.30182234213793,-0.0772667454636373,-0.000675423498420313,0.0600000000000001,0.0300000000000002,2.64,-0.42,-0.04,0.0399999999999996,-0.00119867154619868,-0.00314976022466817,-0.000332386314858546,0,0.00676856250476021,7.04053639021596
1962.5,0.00137955257596456,-0.00502249493560436,-0.00213228992727998,-0.405799999999999,0,0.000287583580959705,40,0,0.00298953884836628,-3.97201100010847e-07,7.24708058458576,-0.124253359546636,-0.00135221713010547,-0.02,0.04,2.34,0.32,0.04,0,-0.000605534989182033,0.00875677329180924,-0.00198511182550387,0,-0.0129100418448065,7.05098944706805
1962.58333333333,0.00483225162400736,0.00321496696614831,0.00956756168450745,0.546899999999994,-0.0999999999999996,0.00183140368990564,40,0.00419287826003611,0,-0.00119705878671317,7.27931883541462,0.0238021894051021,-0.000605531728773201,0.16,0.0999999999999996,2.34,0.0299999999999998,0.19,0.26,-0.000881378122698173,-0.0114514136265496,0.0013235173587649,0,0.015716810547719,7.08086789669078
1962.66666666667,0.00160849861872059,0.00279736763803617,0.00105656148195221,-0.0592000000000041,0.3,0.00164898230654487,40.1,-1.7506849555593e-05,0.00298953884836628,0.00201542702170698,7.32448997934853,0.0268437626596194,-0.000998146382599874,-0.0899999999999999,-0.0299999999999998,2.13,0.22,-0.1,-0.0899999999999999,0.00139995494936684,0.00023845385940291,0.00165251027864155,0,0.00619794678141972,7.09007683577609
1962.75,0.00046974012904677,0.0111118684862475,0.00632383477250587,0.370699999999999,-0.100000000000001,0.00250411520993232,40.1,-0.00417537141048052,0.00592582480958592,0.00344802304981462,7.18841273649695,-0.00892556560550428,-0.00103484584680791,-0.00999999999999979,0,2.13,-0.0300000000000002,-0.04,-0.14,0.000249671885206304,0.00546530890403529,0.0026293865372442,0,0.00298364282594399,7.10906213568717
1962.83333333333,0.00527034985534236,-0.00496193032821646,0.00104879641716238,-0.4024,-0.199999999999999,0.00112480930274828,39.9,0,-0.0148500991777665,-0.00589887516809995,7.33498187887181,-0.0320602040020779,0.000142801042690266,-0.0600000000000001,-0.0499999999999998,2.09,0,-0.0399999999999996,-0.0800000000000001,0.000525053830077837,0.000437387663972277,-0.00592864792541858,0,0.0155818679812256,7.07411681619736
1962.91666666667,0.00367820015712716,0.0132155451310454,0.00418810096626254,0.454100000000011,0.3,0.00026762536177749,40.1,0.00415801014866379,0.00593473551981427,0.00169173140749646,7.39141523467536,0.0666282002209204,0.000214163336055506,-0.04,-0.0100000000000002,2.02,0.04,0.0899999999999999,0.02,0.000792683164196895,-0.00272653324715133,0.00131578966351986,0,0.00520640823712881,7.11963563801764
1963,0.00468024567527792,0.00557833869131841,0,-0.1601,-0.2,-0.000499625291432437,39.6,-0.00415801014866379,-0.00298062813813793,-0.00106520416802525,7.35500192110526,0.0423930449172865,0.000499536155396108,-0.04,-0.0600000000000001,1.99,-0.00999999999999979,0.04,0.00999999999999979,0.000775252258334191,-0.00244088723116898,0,0,-0.000197843569072376,7.11963563801764
1963.08333333333,0.00614166439348907,-0.000283857051495584,0.00728819701597461,0.265499999999989,0.2,0.00155159069141853,40,0.00414079266603129,-8.91071022834922e-06,0.00281685007376753,7.12608727329912,0.0379058693626577,0.000534940545200646,0.02,-0.0299999999999998,1.99,-0.0100000000000002,0.04,0.0300000000000002,-0.00115862234046737,-0.000299942082753635,0.00197303582585828,0,0.00419577605643617,7.12929754892937
1963.16666666667,-0.00528599034841726,-0.00375448418731539,0.0113498944036854,0.433199999999999,0.2,0.00204726583589121,39.9,-1.70754821691155e-05,0.00298953884836628,-0.00137879878238589,7.28344822875663,0.0131319645560106,-0.000499268938012776,0.0800000000000001,0.0899999999999999,1.89,0.0800000000000001,0.00999999999999979,-0.0300000000000002,0.000496910957959784,-0.001225781631911,-0.00065983800089775,0,-0.00756511834092066,7.10002716662926
1963.25,0.00451124521419288,0.00505955998182328,0.00613250754736372,0.246500000000012,-0.2,0.0015992895456769,40,-1.69352312088256e-05,-0.00299850299625648,-0.00187425435468791,7.3356339819272,-0.00379968539833531,-0.000999286307280522,0.02,0.0100000000000002,1.9,-0.02,-0.0299999999999998,0.02,0.000215934656041306,-0.000483184344547194,-0.000329429914827983,0,0.00795910960890289,7.13727843726039
1963.33333333333,0.00274016080232542,0.00362257712060154,0.0091306940058633,0.833799999999997,0,0.00460585402363378,40.2,-0.00410678195265335,0.00299850299625648,0.000749621316748161,7.4318919168078,0.0459799803117678,3.57059968258966e-05,0.0600000000000001,0.04,1.97,-0.0800000000000001,0.00999999999999979,0.0800000000000001,-0.000592672282105688,0.00565459855444228,-0.0019675358202651,0,0.00432369405354471,7.1608459066643
1963.41666666667,0.00426983137357873,0.000621310986125057,0.0120509441304826,0.493200000000002,0.2,0.000636064900062294,40.2,0.00408998525152526,0.00299850299625648,0.00168617916305402,7.40306109109009,0.0198710641973836,-0.000392836103118244,-0.02,-0.04,1.85,0.1,0.0300000000000002,0.0100000000000002,0.00048340379190126,-0.00336825636877736,0.0019675358202651,0,-0.00634454352822367,7.20785987143248
1963.5,0.00470230241329617,0.00960924479832403,0.00299018052845978,-0.0114999999999981,-0.300000000000001,0.000759214337946901,40.3,-1.66598638895454e-05,-8.96414789020028e-06,0.000557888608783585,7.37023064180708,-0.000427807493156074,0.000214293368440366,0.0899999999999999,0.0600000000000001,1.85,-0.00999999999999979,0.0600000000000001,0.0800000000000001,-0.00137590785432096,0.00691222601584718,0.00228848631861034,0,0.00742255186738383,7.20414929203594
1963.58333333333,0.00056315923679584,0.00513193517683153,-0.00398766095357139,-0.594999999999999,0,0.00237984123321588,40.2,-1.65246920212914e-05,-0.00597907769673256,-0.000191147969283545,7.38647084882989,-0.0149449541179951,0.000214247456631123,0.0800000000000001,0.0299999999999994,1.82,0.0299999999999998,0.19,0.28,0.00101319900065988,-0.00776793829795475,-0.000662138554419212,0,0.0115399943092687,7.18614430452233
1963.66666666667,0.00349279697343441,0.00355457191816466,0.00199396687441356,0.156599999999997,-0.199999999999999,0.00204038627038727,40.2,-0.00405680069561443,0.00298953884836628,-0.000624301324554377,7.40184157874383,0.0272776641174692,-0.000428540825071488,0,-0.0199999999999996,1.34,0.47,0.14,0.0499999999999998,-0.00057143557262318,-0.00423700811758954,-0.000656990053441664,0,-0.00125950717927559,7.1777824161952
1963.75,0.00674967259019255,-0.00188679301257677,0.00992162639374872,0.321299999999994,0.0999999999999996,0.00294768083734098,40.2,0.00404040953700491,0,-0.00155229972223792,7.47477218239787,0.0260043854228629,-0.000678898780832382,0.0699999999999998,0.0800000000000001,1.36,-0.0100000000000002,0.0600000000000001,0.04,-0.000301508673921091,0.00675259476455548,-0.00292921159393744,0,-0.00247518866257757,7.25347038268453
1963.83333333333,0.00553336516946423,-0.000555617305103784,0.00688666440102281,0.484400000000008,0,0.00358514213020555,40.3,-0.00404040953700491,0.00298953884836628,0.00210836249038016,7.48380668766583,0.00246778299080486,3.57430077779775e-05,0.0100000000000002,0.0300000000000002,1.33,0.02,0.0700000000000003,0.0700000000000003,-0.000296159182757272,0.00478188331091101,0.00195217194611086,0,0.0172467902988807,7.25417784645652
1963.91666666667,0.00206505724337802,0.00741974611040019,0.00488861775379501,-0.0125000000000028,0.2,-0.000488920717277352,40.2,0.00402415029972558,-0.00298953884836628,-0.000498431062925242,7.39141523467536,-0.00562994964582852,0,0.0399999999999996,0.00999999999999979,1.36,-0.02,0.0699999999999998,0.1,0.00226641142044581,0.00452925898382706,-9.51814849159405e-07,0,-0.0113359201899961,7.21303165983487
1964,0.0078660067703531,0.0118454908514321,-0.00195112813858112,-0.2851,-0.2,0.00184965502583978,40,-1.61289021868294e-05,-0.00298953884836628,5.97442416312433e-05,7.30720231476474,0.0211193897622772,-0.000464758780687413,0.0300000000000002,0.00999999999999979,1.47,-0.1,0,0.0699999999999998,-0.00387440585108223,0.00182689688580329,0.00226846258763613,0,0.0217415447983882,7.26052259808985
1964.08333333333,0.00359249215856927,0.00321132402795543,0.00875744942473,0.452600000000004,0.0999999999999996,0.00219420539413129,39.5,-0.00400802139753875,0.00597907769673256,0.000614363341337132,7.37963215260955,0.0302771766266048,0.000643454658649123,0.0300000000000002,0.04,1.35,0.1,0,-0.02,0.000740704758547928,-0.0134255685668183,-0.00130247675749784,0,-0.00521303488721259,7.16703787691222
1964.16666666667,0.004130279051342,0.00703961319423252,0.00676030827957286,0.205199999999991,-0.199999999999999,0.00461646081932443,40.3,0,-0.00298953884836628,-0.000681210780388408,7.50659178007084,0.0122206409072962,-0.00050042894953406,-0.04,-0.0199999999999996,1.35,0,0.00999999999999979,-0.0100000000000002,0.000980931308004251,-0.00220593353214893,-0.00291120898923936,0,0.00459836304903227,7.27378631784489
1964.25,0.00504441599480288,0.0035013098334904,0,-0.309799999999996,0,0.00249027366048438,40.2,0.00399202126953735,-0.00298953884836628,-0.000801340034366493,7.32448997934853,0.0180554235814654,0.000428954430169659,0.109999999999999,0.0699999999999994,1.4,-0.0499999999999998,0.0100000000000002,0.13,-0.000536561624825183,0.000678980772250704,0.00194017800178958,0,0.00721038050200207,7.1800698743028
1964.33333333333,0.00606628041342461,0.00177290722560475,0.0162306002815438,1.2294,-0.100000000000001,0.000431708102958339,40.2,-1.58728898977945e-05,0.00597907769673256,0.00012256237047259,7.27793857294566,0.0143633564193442,0.000321595114526119,0.0100000000000007,0.0100000000000007,1.38,0.04,-0.0699999999999998,0,-0.000776827984944717,0.00657584848302184,-0.000646935015209849,0,0.00823049895287475,7.1420365747068
1964.41666666667,0.0059862114926581,0.0137536151697151,0.00566345265144319,0.0113999999999947,-0.2,0.00287903932133027,40.3,-0.00397614837963955,-0.00298953884836628,-0.000614945644797693,7.29097477814298,0.00971002276217625,0.000142897971092015,-0.100000000000001,-0.0300000000000002,1.35,0.0299999999999998,0.00999999999999979,-0.0700000000000003,0.00146314430534833,-8.62071430733913e-05,0.000645681872432746,0,0.013415568619914,7.1693500166706
1964.5,0.0035144853880027,0.00570163090366327,0.00282148706246499,-0.149299999999997,0.100000000000001,0.00223544475249327,40.4,0.00396040121609675,0,0.00128963410111949,7.34601020991329,-0.00596423239167354,-0.00185926827015903,-0.0300000000000002,-0.0300000000000002,1.35,0,0,-0.00999999999999979,0.000944786935128228,0.000528886337395118,-9.37734482509001e-07,0,0.000780873372805857,7.15461535691366
1964.58333333333,0.00542249714485088,0.00734294708134575,0.00655152045958518,0.412000000000006,-0.3,0.00330958623636057,40.3,-1.56229250802831e-05,0,-0.000124571574434462,7.35372233039963,0.0364655599011146,-0.0016117770641253,0.0100000000000007,0.0200000000000005,1.41,-0.0800000000000001,-0.02,-0.11,0.000193126349667061,-0.00242071642140873,-0.000645473487600245,-0.016978336534418,0.0049466506934106,7.1731917424866
1964.66666666667,0.00564402827725274,0.00599162966826716,0.00650887726547511,0.249499999999998,0.0999999999999996,0.00353752793479067,40.4,-1.55001511270569e-05,0.00298062813813793,-0.000552739058090168,7.35819375273303,-0.0147684562905415,-0.00111184847276991,0.0199999999999996,0,1.32,0.0800000000000001,0.04,0.02,0.000672437960575145,-0.000667291856012664,0.00064422599506031,0.016978336534418,0.0139741849366573,7.17472430983638
1964.75,0.00412250136440662,-0.00416428689857584,0.00369993534098745,0.0888999999999953,0.0999999999999996,0.00483314703352278,40.3,-1.53788187529091e-05,-0.00298062813813793,0.000794785778523099,7.28276117960559,0.0170489589892666,-0.00114901269373835,0.0300000000000002,0.00999999999999979,1.37,-0.0499999999999998,0.0299999999999998,0.0999999999999996,0.000416122789427931,0.00501189651010758,-9.33511136391729e-07,0,0.0093724757976652,7.14282740116162
1964.83333333333,0.000555068796600722,0.0064991000068626,-0.013946784399995,-1.57419999999999,0,-0.00186922294773417,40.3,-0.0117570767821624,0,-0.000918675807054292,7.32909373624659,0.0171167854267154,3.59266378096024e-05,-0.00999999999999979,-0.00999999999999979,1.45,-0.0900000000000003,0.04,0.02,-0.00316756759480796,-0.00288358605952865,0.000320456690785065,0,-0.0394206970249957,7.11476944836646
1964.91666666667,0.00670319663097274,-0.00911061303395266,0.0304308329610232,2.22319999999999,-0.3,0.0072027495301441,40.6,0.0117724556009153,0,0.000793349989059333,7.3038432252777,0.00692938353164951,0.000466928873666728,-0.0300000000000002,-0.04,1.29,0.16,0.0700000000000003,0.0500000000000003,0.00163258906071118,0.000903073184484349,0.00160168316175335,0,0.00933506475398005,7.13409372119287
1965,0.00983926860475037,0.00962872091560119,0.0117396917033359,1.1541,0.2,0.00342214951428765,40.7,0.00388326159690433,0,5.89735829632509e-05,7.30249642372733,-0.0174738802594527,0.00208056896087716,0.0499999999999998,0.0299999999999994,0.96,0.33,0.2,0.109999999999999,-0.000518035821772678,0.0156752100340434,-0.00160703707277454,0,0.0454552185331565,7.05961762829138
1965.08333333333,0.00624514153003553,0.00707117968726534,0.0107133756873736,0.596100000000007,-0.0999999999999996,0.00270581579001039,40.8,-0.00781253973679374,0,-0.000367324876185293,7.21597500265147,0.0254011775437304,0.000250810657184575,0.00999999999999979,0.0100000000000007,0.9,0.0499999999999998,-0.0299999999999998,-0.0799999999999996,0.000193527774375646,-0.0105983736443038,-0.000321280405023217,0,0.00731352777656014,7.1420365747068
1965.16666666667,0.000563402273693114,0.0158182704321748,0.00619769102647227,0.123999999999995,0.199999999999999,0.00365214592333984,40.7,0.0116055461203081,0.00297177038915741,-0.000670320816116288,7.26752542782817,0.00728874633080601,0.00136044700919791,0.0500000000000007,0.0199999999999996,0.8,0.0800000000000001,0.12,0.0900000000000003,0.000189469413171217,-0.00130204768650888,-0.000959539494699513,0,0.00630697350480425,7.07749805356923
1965.25,0.00482888283924332,0.00308338000497477,0.0131518932866541,0.554299999999998,-0.399999999999999,0.00338890001555647,40.8,-0.0077667698131425,-0.00297177038915741,0.000850985936373672,7.26052259808985,0.000921765245585071,-0.000966443028242558,0,0,0.74,0.0699999999999998,0,0.0299999999999994,-0.000276214191499591,0.00392795171641769,0.000958619661203919,0,-0.00997894854823755,7.09920174355309
1965.33333333333,0.00410340891555272,0.00709097994985886,0.0043447313512055,0.0099000000000018,0.0999999999999996,0.0042573778362609,40.7,-0.00767755261433112,0.00886268725784545,0.000301796970432644,7.27100853828099,0.0130436631920299,0.00135991145747782,0,-0.00999999999999979,0.71,0.04,0,-0.0199999999999996,-0.00141887260564921,-0.00184599290301435,0.00127459230536831,0,0.00837335904792802,7.05789793741186
1965.41666666667,0.00548466701819095,-0.00095259589565444,0.00777709687827244,0.162599999999998,-0.2,0.00384265483189772,40.8,0.0115016490527347,-0.00592582758453597,0.000663673279742483,7.29844510150815,0.0147816513684171,0.000321813601189769,0,0.00999999999999979,0.71,0.00999999999999979,-0.04,-0.00999999999999979,-0.00116878060478953,-0.00330230198301962,0.000948464277743977,0,0.0153852504117893,7.09589322109753
1965.5,0.0029031492052809,-0.00836150542251746,0.00771390873219646,0.00880000000000791,0,0.00328434620746343,40.6,-0.0038533443289015,-8.59989422075103e-06,0.000659213651065027,7.30518821539304,-0.0486557645993084,-0.00171753718823964,0,0,0.81,-0.0499999999999998,-0.0900000000000003,-0.04,0.00294311887895482,0.00663301439438602,0.000939426434007462,0,-0.0060052509476094,7.12367278520461
1965.58333333333,0.00671535757722275,0.0124662316143018,0.00934975655971826,0.839199999999991,-0.199999999999999,0.00452098916446353,40.7,-0.00761905683333519,-0.00585651955817745,-0.00217759379428495,7.33236920592906,-0.00152986202242023,-0.00046567443035217,0,-0.00999999999999979,0.79,0.04,0.04,-0.0100000000000002,-0.000497934835669511,-0.00783924253777801,-0.0050706200783539,0,0.0161744694680088,7.12044437239249
1965.66666666667,0.00416501533142721,0.0073165595285043,0.00422315269317375,-0.446599999999989,0,0.00430467221723241,40.6,0.0114141278018869,0.00585651955817745,-0.00048285846856988,7.26682734752059,0.0184369283071488,-7.16614712406027e-05,0.0499999999999998,0.0499999999999998,0.76,0.0300000000000002,0,0.0900000000000003,0.000184372910508657,-0.00242561260123431,-9.0244024342212e-07,0,0.00316997692885224,7.13009851012558
1965.75,0.0241721432320876,0.0165740140358781,0.00252473308836354,-0.292200000000008,-0.100000000000001,0.00426995873591807,40.7,-0.00382387654531324,-8.54967575447674e-06,0.000241079983633874,7.30114780585603,0.0328681431868842,0.0021118576081629,0.0499999999999998,0.04,0.9,-0.100000000000001,0.0800000000000001,0.13,0.00173902293729,0.00475545911467101,0.00316666263437737,0,0.00265503633247555,7.11232744471091
1965.83333333333,-0.00429399731823388,0.0139015583037674,0.0100325787506637,0.230699999999999,-0.0999999999999996,0.00371726519482429,40.7,-1.42400444291813e-05,-8.49989587559108e-06,-0.000180993538741347,7.28069719538474,0.0222391197788054,0.00228579691653108,0.0899999999999999,0.0599999999999996,0.85,0.0600000000000005,0.11,0.0999999999999996,-0.00139255367214375,-0.00387052758943174,-0.00126792598524439,0,0.0254724678553568,7.15383380157884
1965.91666666667,0.00740915303812351,-0.000433014993895586,0.00414994645078348,-0.140999999999991,-0.100000000000001,0.0044780416746022,40.7,-0.00376648279547687,-8.45054949705215e-06,0.00138449241179961,7.28619171470238,0.00828162083172224,0.000214025826600128,0.12,0.100000000000001,0.85,0.0199999999999996,0.0599999999999996,0.0700000000000003,-4.69142173624704e-05,0.000527115289231439,0.00220625993965617,0,0.0119903556678089,7.17472430983638
1966,0.00532127481203482,0.00206715935447521,0.0123505359246701,0.865799999999993,-0.0999999999999996,0.005244626638925,40.9,0.00375234961855031,0.0028776032575375,0.00191712493882967,7.4121603349452,-0.00456820459426854,-0.000570837362534604,0.26,0.17,0.7,0.220000000000001,0.29,0.35,0.000825181665120134,0.0100610165575326,-9.92006904398934e-06,0,0.00356117077608964,7.18159194461187
1966.08333333333,0.00242386241190395,0.00636685652041669,0.00977417283264925,0.345299999999995,0,0.00331595565391396,41,-0.00375234961855031,-0.0057803629154991,-0.00240485118594025,7.22256601882217,0.0171849676316649,0.000642169126599423,0.140000000000001,-0.00999999999999979,0.64,0.0999999999999996,0.21,0.16,-0.00157210065913738,-0.00864152515249472,-0.00220318477562964,0,0.00660307597969734,7.18916773842032
1966.16666666667,0.00495781445977883,0.00670584873271318,0.0064614474137028,0.051400000000001,-0.2,0.00426092805042622,41.2,0.00746272120158964,0.00860837453660013,0.00292437816643165,7.2283884515736,-0.00677385526548768,-0.000499429234125381,0.12,0.22,0.52,0.18,0.0600000000000005,0.0600000000000005,-0.000467116821812219,-0.00191307324162882,0.00531245717245765,0,0.00296522090089368,7.05531284333975
1966.25,0.00533560458390703,0.00774355821754202,0.0135957120341117,0.677599999999998,0,0.00628633368404685,41.2,-0.0037521418050539,-0.00860837453660013,-0.00168091791243086,7.23993259132047,-0.0419734465563666,-0.00260821556652302,-0.0600000000000005,0.04,0.67,0.0600000000000005,-0.0600000000000005,0.0299999999999994,-3.13180768616306e-05,0.00183471445483629,-0.00314157051037611,0,0.0173337940359506,7.11801620446533
1966.33333333333,-0.000810195894223043,0.000517245444489944,0.00158567853388947,-0.0467999999999904,0,0.0038695765695298,41.2,0.00366952790108677,0.00285306898240645,0.00100220753877212,7.20934025660291,0.0301441263487101,-0.000644168508121101,-0.0899999999999999,-0.12,0.74,0.00999999999999979,0.0300000000000002,-0.0699999999999994,-0.00109581989135421,5.34038261745806e-05,-9.65672841246601e-06,0,-0.0136993869569508,7.04315991598834
1966.41666666667,0.00326941098079381,-0.00935160076338271,0.0094703811675072,0.0962999999999994,0.1,0.00432564045013883,40.8,-0.00738010729762251,-0.00285306898240645,-0.00219980947918774,7.14282740116162,-0.0540550913098805,-0.000393862904996656,0.0599999999999996,0.0300000000000002,0.58,0.23,0.0199999999999996,0.0299999999999994,-0.0027815760566412,0.00126301805373252,-0.000936524292349361,0,-0.0173315957348184,6.98286275146894
1966.5,0.00488882914314637,0.00265377845062975,0.00470322029966486,-0.117400000000004,-0.1,0.00624302818633993,40.9,0.00366972888896244,-0.00571430126343841,0.00123933270052934,7.08506429395255,-0.00833145295975068,-0.000895720308539349,0.0800000000000001,0.0299999999999994,0.41,0.27,-0.14,0.04,0.000633979077578672,0.0146644172372623,-0.0012392502425822,0,0.0228180325466258,6.8627579130514
1966.58333333333,0.00400862764616683,0.00857646273001311,0.00545831545514286,-0.115899999999996,0,0.00295922715404906,40.8,-1.34176858519464e-05,0.0114286025268768,-0.000536452307671187,6.99025650049388,-0.00255962908801077,-0.000358512892378426,0.2,0.21,0.38,0.13,0.3,0.2,-0.00297406939515987,-0.00948865081815775,0.0012325675980307,0,0.00419387355664647,6.83733281468559
1966.66666666667,0.00500373465876969,0.00154722585194689,0.000776508493289363,-0.3245,0,0.00319856182269262,40.8,0.00361644812596928,0.00279638840447038,0.00187680068965834,7.02019070831193,-0.062366293751225,0,0.33,0.2,0.3,0.23,0.16,0.37,0.00424048259116638,-0.0155300638450928,0.00398491767173104,0,0.0112676144055506,6.77650699237218
1966.75,0.00599471775557525,0.00918699771865317,0.00928280828370553,0.166299999999993,-0.0999999999999996,0.00210607898210924,40.7,-0.00365611885889128,-0.00287687194965258,-0.0006581593921271,6.95272864462487,-0.035848846942379,0.000179272512625728,0,-0.04,0.69,-0.13,0.41,0.28,0.0023035826699882,0.00365261333239264,-0.00308630621352046,0.016978336534418,0.00202800258985469,6.65157187358973
1966.83333333333,0.00415215385774736,-0.0043731169949206,0.0069031514827711,0.371600000000001,0,0.00325876563514349,40.9,-1.30329668901474e-05,-0.00844675909487114,-0.000535214119353533,6.73696695800186,-0.00877764768293154,0.000824239864614329,-0.23,-0.17,0.57,0.13,-0.0200000000000005,-0.24,-0.0052763416611441,0.000314434629978599,-9.3235094618116e-06,-0.016978336534418,-0.0042948683872055,6.6052979209482
1966.91666666667,0.00619327214767829,0.00209589979148062,-0.00690601035320304,-1.48869999999999,-0.1,0.0025409452122549,40.7,-1.29393725696314e-05,0.00281294137661492,-0.00117199411258273,6.86797440897029,0.0488333803149912,-0.000179124796724439,0.0900000000000007,0.15,0.37,0.23,-0.0299999999999994,-0.04,0.00272697206147221,-0.00208296857441059,-0.00213595759199903,0,0.000352092031301154,6.60123011872888
1967,-0.000325035384594941,0.00158066048717131,0.00230730673019419,-0.104699999999994,0.2,0.00276459651730043,40.6,-0.00359066813072872,-0.0028208763416413,0.000637913779263144,6.89770494312864,0.00418926191778546,-0.000358345879273747,-0.36,-0.32,0.78,-0.359999999999999,-0.36,-0.34,0.00269963920168692,0.0030374070283905,0.000302980363529937,0,-0.00714428919015653,6.61069604471776
1967.08333333333,0.00928258398372428,0.00472704559885484,0.00470658736985907,-0.182100000000005,0.1,0.00318515498292982,40.8,0.00357782134788387,0.0028208763416413,-0.00203802778807427,6.97260625130175,0.0376446910751254,0.000322517069323736,-0.3,-0.26,1.03,-0.46,-0.24,-0.45,-0.00314624956784293,-0.00390343518348502,-0.00182352365843297,0,-0.049586257871681,6.90274273715859
1967.16666666667,0.00120775059030187,-0.00370559505039081,-0.0114061807201478,-1.44759999999999,-0.1,0.000336298881155273,40,0.00353964642098004,-0.00282885620047768,0.00110442315415726,7.02375895473844,0.0338778687427856,0.00111009662077599,0.04,0.0499999999999998,0.82,0.0599999999999996,-0.16,-0.04,0.00432995104910106,-0.000190087802963035,0.00364262173269747,0.0100503358535011,-0.010152371783132,6.81014245011514
1967.25,0.00607833944075509,0.00518399679806691,-0.00565262027431102,-0.878700000000009,0,0.0015424677956446,40.2,-0.00711746776886391,0.00282885620047768,-0.000639864067053519,6.96224346426621,0.0233068588092396,0.000787063578123082,-0.2,-0.0899999999999999,1.32,-0.47,-0.3,-0.36,0.00219674220054156,0.00350177722002343,-0.00303490369515425,-0.0100503358535011,0.0100281711812418,6.86171134048073
1967.33333333333,-0.000835534751953304,0.00946524250934466,0.00938714948021513,0.139300000000006,0,-0.000977129150388834,40,0.00353982670512432,0,0.00115975255302869,6.99484998583307,0.0170754786364462,0.00103654731825698,-0.0300000000000002,0.0499999999999998,1.78,-0.48,-0.42,-0.239999999999999,-0.00454891429344073,0.00608841242612623,0.00302572091653719,0,0.00252238217348477,6.94215670569947
1967.41666666667,0.00184088684211758,-9.14662033015823e-05,-0.00876359287802453,-1.0449,0,0.0023496036319397,40,-1.24861871559911e-05,0.00282885620047768,0.000228628720446267,7.1731917424866,0.0177612950176753,-0.000822001082720458,0.24,0.26,2.02,-0.11,-0.24,0.04,0.00542142260096323,-0.0080405776760557,-0.00302572091653719,0,-0.00455317645952391,6.98100574072173
1967.5,0.00395079269013188,0.00588250402385881,-0.000124102959437433,-0.541499999999999,0.1,0.00197914352491857,40.1,-1.23984105238062e-05,0.00561001244538684,0.0012659762347691,7.12929754892937,-0.012607492283621,-0.00204005009819341,0.26,0.17,2.17,0.04,-0.0600000000000001,0.33,-0.000702651709451274,0.00815180212246958,0.00602411460338059,0,0.0295136894676755,7.06390396147207
1967.58333333333,0.00510380975449287,-0.00355272521257355,-0.00227988326586592,-0.761700000000005,-0.1,0.00209665978750451,40.2,0.00695635775985082,-0.00843886864586452,0.000219876029964539,7.21817683840341,0.0171333620780407,-0.00139822555718783,0.220000000000001,0.140000000000001,2.47,-0.19,0.67,0.529999999999999,-0.00107850077103766,-0.000753024910130407,-0.00302561160712411,0,-0.00695233215664715,7.07072410726028
1967.66666666667,0.00471463150329932,0.00296148016976749,0.018978326692022,1.1844,0,0.00386273401042381,40.3,-0.00700509189080889,0.00279720462106114,-0.000297959346799548,7.24921505711439,0.015786994540159,-0.000717797827180178,0.0799999999999992,0.12,2.43,0.11,0.0599999999999996,0.12,0.000319485898385707,-0.0151888165960168,-8.96414789020028e-06,0.0230652729309961,0.000243338885464794,7.11395610956603
1967.75,0.000782145944716817,0.00833602435108016,-0.00162494034555705,-0.427399999999992,0,0.000317443524171068,40.3,-1.1973108399177e-05,-0.00279720462106114,-6.66990307478521e-05,7.2591161280971,0.0138730548682471,-0.000574609460953113,0.0900000000000007,0.0199999999999996,2.41,0.0900000000000003,0.15,0.11,-0.00124266268219575,0.00534535531632852,-8.91071022834922e-06,-0.0230652729309961,0.0279906315518161,7.15383380157884
1967.83333333333,0.00129237739594679,-0.0094284729098173,0.00810970609966866,0.305699999999987,0.2,0.000921526778158821,40.3,-1.18906771142679e-05,0.00278940208757872,-0.000237009381969244,7.30720231476474,-0.00156682541063091,-0.000179633189510975,0.17,0.180000000000001,2.64,-0.11,0.14,0.13,-0.000829021031024446,0.00170169431275458,-8.8577489805175e-06,0,-0.0153378457958411,7.15461535691366
1967.91666666667,0.00631986394755124,0.00680830516577213,0.014202469306055,1.1648,-0.1,0.00719189426323119,40.5,0.00340699765460162,-0.00278940208757872,0.00050335396028478,7.33823815006559,-0.0318633582636485,-0.0445987591852766,0.21,0.27,2.59,0.25,0.170000000000001,0.24,-0.00100448434661971,0.00144537520411081,0.00294540663893095,0,0.0232324686614387,7.16780918431644
1968,0.00278271382454243,0.0132559401365762,0.0107108472952406,0.469400000000007,-0.1,0.00294903771281874,40.2,-0.0034421835239602,0.00278164296187677,-0.00171008103844361,7.17625453201714,0.0280929306716544,-0.100912287611467,-0.0300000000000002,-0.0499999999999998,2.42,0.38,0.239999999999999,0.0999999999999996,0.00111081525650825,0.0122564880351268,-0.00297166679833127,0,0.0283110546218897,7.18159194461187
1968.08333333333,0.00544991161392083,0.00636307128349944,-0.00107612566651127,-0.594400000000007,-0.0999999999999996,-0.00143600814481104,39.9,0.0101065608451083,-7.71607915162065e-06,0.00304919236132717,7.22983877815125,-0.0027319550458218,0.00116293571274029,-0.21,-0.17,2.24,0.100000000000001,0.0300000000000002,-0.28,-0.00194135608988155,-0.013322311572157,-8.65055644760915e-06,0,-0.0181906925524498,7.07242190053737
1968.16666666667,0.00759384636128857,0.00101966182664803,0.00357618878340782,-0.000699999999994816,0.0999999999999996,0.00613347791684404,40.4,-0.0101636322814407,-7.67338983465038e-06,-0.000583238848999912,7.32646561384032,-0.0461893824693744,4.15084158371659e-05,0.0499999999999998,0.0299999999999994,2.09,0.0999999999999996,-0.0199999999999996,-0.0199999999999996,0.000730128663159135,-0.00421708807212529,-8.59989422075103e-06,0,0.0117428725244224,7.20191631753163
1968.25,0.00850180447837445,0.0166106556772561,0.00311768262064449,-0.244399999999999,-0.0999999999999996,0.00118950277946261,40.3,0.00331660447290716,-7.63105381107465e-06,-0.000800291253017615,7.2902928824466,-0.0184613784124084,-0.00395101264667996,0.17,0.180000000000001,1.8,0.34,0.19,0.17,-0.000407015519565235,0.00539453516348853,-8.54967575447674e-06,0,0.0238277604053412,7.22256601882217
1968.33333333333,0.00446327280545411,-0.00371122743511743,0.00144595397321234,-0.294700000000006,-0.2,0.00387094386999642,40.1,-4.41505976958023e-05,0.00273589687856157,-0.000122231332751799,7.34858753092759,0.0712576749575238,0.000874726703697037,-0.0699999999999994,-0.100000000000001,1.21,0.71,0.21,0.13,-0.000587434850540802,0.0089521619072741,-8.49989587559108e-06,0,-0.00228246518949149,7.15929190479756
1968.41666666667,0.00523574462649279,0.0068875599218039,0.0111553946121381,0.715900000000005,0,0.00142003455612105,40.5,-4.3569662451004e-05,-0.005494519317641,0.000546735245766872,7.24992553671799,0.0227352977476523,-0.005259874368432,0.35,0.23,0.92,0.36,0.28,0.43,0.0012780074701757,-0.00867293309218642,-8.45054949705215e-06,0,0.00638526457517585,7.16780918431644
1968.5,0.00460006087227782,0.00852173427819425,0.00366676064648574,-0.194599999999994,0.2,0.00373275144423602,40.5,-0.0065789710980424,0.00273597981887441,-0.000457040796224106,7.24779258176785,0.0265176600614021,-0.00192718648611945,-0.19,-0.15,1,-0.0499999999999998,-0.140000000000001,-0.159999999999999,0.000886653232845092,0.00447861369687086,0.0028776032575375,0,0.0162449116257495,7.17011954344963
1968.58333333333,0.00608895149166244,0.00926091338360013,-0.0015351677559492,-0.640600000000006,0,0.00324926221872524,40.4,0.00653597097978564,-7.46516567007305e-06,-0.000176197183280991,7.32118855673948,-0.00199203253124036,0.00226197055352484,-0.25,-0.22,0.96,-0.04,-0.21,-0.33,-0.0013286689809604,0.00152923284744144,-3.32206599309437e-05,0,0.0124831027483499,7.20340552108309
1968.66666666667,0.00459143942397233,0.00272758437088649,0.00278579827699943,0.0534999999999997,-0.2,0.00298997701792914,40.3,-0.00328393559340823,-7.42453884372551e-06,0.00103749868302572,7.30988148582479,-0.022076396792591,0.000460145162999637,-0.0999999999999996,-0.0800000000000001,0.79,0,-0.22,-0.220000000000001,0.00142696082749971,-0.0100070684618361,-0.00288590997453619,0,0.0130434287756298,7.21303165983487
1968.75,0.00469676159845633,-0.00140548160873477,0.00378002298518521,-0.323399999999992,-0.1,0.00225123254988446,40.5,0.00644109381928226,0.00269897735497837,-0.000620020592518422,7.34987370473834,0.0319971130793384,-0.00154860342761809,-0.0199999999999996,0.04,1.01,-0.25,0.100000000000001,0.0200000000000005,0.000674963510365778,0.00441224092472847,-8.16329862551868e-06,0,-0.0215062052132495,7.28892769452126
1968.83333333333,0.00170212682654736,0.00166081162416498,0.00198488662772522,0.174299999999988,0,0.00345468803197591,40.5,-0.00648285357541134,-0.00542006746933898,0.000917239524096392,7.35819375273303,0.0243795594771505,0.00096292737339343,0.0699999999999994,0.12,0.93,0.13,0.159999999999999,0.12,-0.000416175499431404,0.0038447996415627,0.00282876448502467,0,0.027663137044831,7.2591161280971
1968.91666666667,0.00451931821841889,0.00551620187727497,0.0128514630668679,0.859500000000011,0,0.0038197642754767,40.2,0.00635917538590225,0.00269905696916517,-0.000998694498618224,7.39633529380081,0.015296665375474,-0.00163333718648584,0.11,0.12,1.19,-0.0899999999999999,0.100000000000001,0.18,0.00137202590728602,0.00722421696445785,-0.00285297726695344,0,0.0244286421496742,7.26961674960817
1969,0.00405721271831716,-0.00245731598464616,0.00315303533181943,-0.361000000000004,0,0.00381967013393769,40.3,-0.00639987625487159,-0.00269905696916517,-0.00131461089205143,7.34471905414967,0.0103823490422181,-0.000670859563944415,0.46,0.33,1.21,0.199999999999999,0.51,0.44,-0.000778313730070757,0.000513604391575662,0.00280496151777854,0,-0.0144730422060046,7.23633934275434
1969.08333333333,0.000909391178282704,0.00806950026159514,0.00603070134429018,0.172499999999999,0,0.00275440554278106,40.5,0.00313959443198586,0.00269179166571165,0.00183765717324524,7.47816969415979,-0.0431721718652094,0.00117370905492897,0.13,0.00999999999999979,1.02,0.28,0.18,0.149999999999999,-0.00339213917955927,-0.00847490388552874,-0.00282876679064792,0,0.0107266799650496,7.28550654852279
1969.16666666667,0.00465651358150687,0.00633378095268489,0.00637905836568731,0.368700000000004,0,0.0037373011345192,40.1,-3.95561796695532e-05,-0.00269179166571165,-0.00136394970291009,7.44132038971762,-0.00491401480242892,0.00184162114664954,0.0899999999999999,0.15,0.69,0.31,-0.0199999999999996,0.0700000000000003,0.000155586823723297,0.00201007303001166,-7.84630654715457e-06,0,0.00723724972822382,7.30988148582479
1969.25,0.00449661082013542,-0.00440003224180963,0.00781135720262327,0.331999999999994,0,0.00295120697852624,40.4,-3.90632629592158e-05,0.00536194314138516,0.00214525694134693,7.35308192051543,-0.0219132274307148,0.000125441659339587,0.0700000000000003,0.109999999999999,0.72,0.18,-0.100000000000001,-0.0700000000000003,-0.000194748151490565,-0.0022121263994439,0.0055477673111195,0.0569774347425405,-0.00807168401826353,7.27100853828099
1969.33333333333,0.00240485458177986,0.00406547218515962,-0.00368461491546501,-0.7012,0,0.00238610742099965,40.7,-3.85795027149083e-05,-2.85971660227702e-05,-0.000289313329553398,7.32909373624659,0.0199408402035104,0.000585186440374308,-0.11,-0.13,0.13,0.62,0.0900000000000007,-0.0800000000000001,-0.00210119286499388,0.00579390715600248,-0.00282009600021071,-0.0266720852472115,0.00572272436825649,7.27309259599952
1969.41666666667,0.00392177001340421,0.00671157447762072,-0.00378912028554046,-0.681100000000001,0,0.00364672768809093,40.4,-3.81046735431489e-05,-2.82937456690391e-05,-0.000392170713064299,7.36707705988101,0.0320571403761853,-0.00276173913924238,0.24,0.15,-1.15,1.26,-0.0700000000000003,0.16,-0.000872025920400255,-0.00374975079514073,-0.00277384256007984,-0.0303053494953289,0.00953420737775446,7.19142933003638
1969.5,0.00341445243073757,-0.00387137542526661,0.00972377927181522,0.197400000000002,0.1,0.00436991700200018,40.3,-3.76385569418325e-05,-2.79951288497671e-05,0.00083283526339395,7.33171496972647,-0.0536105590383951,0.00125628157226176,0.21,0.25,-1.2,0.23,0.4,0.62,0.00207455889726837,-0.00576230686241974,0.00272843239273524,0,-0.00632304507432302,7.20711885620776
1969.58333333333,0.00546859136755096,-0.0012937962197892,0.00526545809326118,0.302000000000007,0,0.00131574312477056,40.2,-3.71809410539825e-05,-0.00264893469457395,-0.000445561103231018,7.2211050981825,-0.0457134013544174,0.000376576920285365,0.26,0.149999999999999,-0.77,-0.290000000000001,0.56,0.56,-0.00173609077854309,-0.000806739922103006,-2.98609970603714e-05,0,0.00058587367128915,7.15305163493748
1969.66666666667,0.00622721455133046,0.00914577150247453,0.00229446975278735,-0.206400000000002,0,0.00393687407453491,40.4,-3.67316204197277e-05,-6.88892639555405e-06,-0.00165005207562441,7.21376830811864,-0.00561174642260198,-0.00213581336295077,0.0200000000000005,-0.0299999999999994,-1.33,0.58,-0.0199999999999996,-0.0599999999999996,-0.000692276453862384,-0.00258013660418044,-0.0027358988959687,0,0.0116459613318671,7.18311170174328
1969.75,0.00258344609201799,0.00124069494823464,-0.000224615283461738,-0.44250000000001,0.2,-0.00132467149202498,40.3,0.00593387659075328,-6.85290580326736e-06,0.00140919509734561,7.3178761986265,0.00349780419155632,-0.00054515339030714,0.54,0.47,-1.1,-0.0399999999999991,0.109999999999999,0.28,0.00240691211345911,0.00250066465149423,0.00269171269531165,0,0.0136640945813404,7.14124512235049
1969.83333333333,0.00186209400321147,0.0051530568526843,0.000293521223053705,-0.234399999999994,0,0.00291477659104622,40.2,-0.00900442065755813,0.00259396453306771,-0.000748457607851361,7.23056315340929,0.0106300006373274,0.00259729524754027,-0.0600000000000005,-0.0600000000000005,-0.78,-0.15,-0.0899999999999999,-0.180000000000001,-0.00121094864974047,5.9169145166571e-05,-2.90615305278408e-05,0,0.0108914613612967,7.10332206252611
1969.91666666667,0.000963357136518184,-0.00115197906263731,-0.00947174425173936,-1.2145,-0.2,-0.000492240195020699,40.2,0.00294540663893095,0.00255366022835046,0.000925426569229337,7.11395610956603,0.00719765272888129,0.0025488366457419,0.0200000000000005,0.04,-0.6,-0.15,0.24,0.25,0.00119151366823278,0.00310409682471224,-2.87507097844752e-05,0,-0.000831047849365163,7.0825485693553
1970,0.00209802131158376,-0.000906058296819001,-0.00268808350967475,-0.767600000000002,0,0.00217808372659078,40.3,-3.48071250220183e-05,-0.00518800134031627,0.000240344641882384,7.19067603433221,-0.0544657346474064,0.000417222970004238,0.43,0.510000000000001,-0.32,0.120000000000001,0.58,0.28,0.000839174326260128,0.00524275880878822,-2.84448489957789e-05,0,0.00913671603333199,7.05185562295589
1970.08333333333,0.00179272211377501,0.00595667777511366,-0.0186899884668765,-2.1229,0.4,-0.000912812438308208,40,-0.00881922957637649,0.0025542123717468,-0.00100083633590176,6.98933526597456,-0.00881937146305933,0.00129228606683096,0.21,0.14,-0.12,0.00999999999999979,0.0499999999999998,-0.0700000000000003,-0.00137401568350626,-0.0161575863047343,-2.81438431843917e-05,0,0.00305996774559247,6.96790920180188
1970.16666666667,0.00244724808023911,0.00437297629657163,-0.000658201343850973,-0.194800000000001,0.3,0.00181076824626381,40,0.0117216892290428,-0.00768903722859315,0.000398630808604583,7.17395831975679,-0.0355026861862884,0.00178976551906729,-0.35,-0.55,-0.2,0,-0.74,-0.51,-0.00850021237187537,-0.00286682134249983,-2.78475901405173e-05,0,0.00465422014317518,7.01929665371504
1970.25,0.00387357643076491,-0.00511049988978263,-0.00129924395963688,-0.490899999999996,0.2,0.0020454488904651,39.9,-0.00297085969031308,0.00512164172334728,-0.00150158876312467,7.18462915271731,0.016950522443798,0.000457332925547282,-0.61,-0.17,0.87,-1.22,-0.5,-0.62,0.00731689546326209,0.00300874776400928,-2.75559903299971e-05,0,-0.00939621855362738,7.03174125876313
1970.33333333333,0.00990001854804845,0.000778481181634039,-0.00257447976003355,-0.544499999999999,0.199999999999999,-0.00144258738313852,39.7,-3.36069499202729e-05,-0.00256082086167364,0.0025992409645319,7.1420365747068,-0.0309303006913586,0.000124690870711541,0.29,0.319999999999999,0.6,0.34,-0.12,0.0899999999999999,0.000167067640504115,0.00517577180126683,-2.72689468063803e-05,0,0.0117804770767851,7.10987946307227
1970.41666666667,-0.00574077801296191,0.00685716972613681,-0.00116663747873647,-0.441100000000006,0.2,-0.00314448010235502,39.6,-0.00290266308788456,0,-0.00190544909592827,7.16239749735572,-0.122243229328745,-0.000997962576067879,0.47,0.52,1.04,-0.149999999999999,0.33,0.69,0.00338346849235105,0.000667505330085305,-0.00261430993009215,0,0.0141873919359927,7.19142933003638
1970.5,0.00312045873396372,0.00337049313008331,-0.00323985245403469,-0.492399999999989,0.100000000000001,-0.00133658824144334,39.6,0.0057060438637766,0.00255427980509682,-0.000567765768455075,7.23345541862144,-0.00619850319602833,-0.00249927234689096,-0.12,-0.0700000000000003,1.65,-0.34,-0.16,-0.2,0.000981105409280758,0.00457574610745137,0.00257393498139624,0,0.00634800625071819,7.18690102041163
1970.58333333333,0.00558976820745727,-0.000243269543852787,0.00245074109013377,-0.000799999999998136,0.0999999999999996,0.000337833085518824,39.7,-0.00290191022396069,-0.00255427980509682,0.00105522759195642,7.32448997934853,0.001718327037036,-0.00296556406384441,-0.26,-0.38,2.19,-0.4,-0.23,-0.45,0.000295245470557148,0.000100261153252568,-0.0025939661632699,-0.0120121564480036,0.00833842069028101,7.18841273649695
1970.66666666667,0.00254135165191194,0.00420831762578722,-0.00178441508341276,-0.789600000000007,0.0999999999999996,-0.00163391824504622,39.6,0.00278084045130278,0,-0.00102090023501233,7.24351297466548,0.0286403329931577,-0.00121382096396716,-0.0199999999999996,0.0700000000000003,2.83,-0.59,-0.04,-0.119999999999999,0.00310358045199166,0.000146283836560457,-6.60848992684038e-06,0.0120121564480036,-0.000316987297669158,7.23993259132047
1970.75,-0.000704375981737115,0.00491421274146786,-0.00691578027445106,-0.909000000000006,0.300000000000001,9.867424116905e-05,39.3,-0.00286041837006379,0.0101523714640179,0.00185163230387353,7.3356339819272,0.0580848611236648,-0.00100565690436594,-0.28,-0.140000000000001,3.1,-0.33,-0.29,-0.25,0.000726456716453328,0.00107401085648817,0.00254770516152458,0,0.00310215171500516,7.26262860097424
1970.83333333333,-0.00346787476150112,-0.0060859063766574,-0.0202070155962399,-1.98519999999999,0.0999999999999996,-0.00598029563041003,39.2,-0.00839946016973125,-0.0101523714640179,0.000479527508518984,7.36518012602101,0.0214443677195915,0.000880005085390434,-0.17,-0.0599999999999996,3.13,-0.0899999999999999,-0.21,-0.300000000000001,-0.00188921714579315,-0.00682795803540159,-2.60311592992224e-05,0,0.00821521438265727,7.35500192110526
1970.91666666667,-0.00101536609616026,-0.00661139320343684,-0.00607455690090619,-0.698999999999998,0.4,-0.00158944190135557,39.3,0.00559440924212273,0.00503779402995708,-0.00101872217153742,7.40671073017764,-0.00106729924154791,0.00121397339981655,-0.65,-0.49,3.78,-0.600000000000001,-0.63,-0.92,-0.000875869474352697,0.00140559247818839,-2.57675509245381e-05,0,-0.0223795316960977,7.31455283232408
1971,0.00341961404451396,0.00927601587900595,0.022705101623989,1.7546,0.199999999999999,0.00542490406291485,39.4,0.011072643243089,-0.00503779402995708,0.000479879169265729,7.54591815120932,0.0662204826859769,0.000125499383126115,-0.52,-0.45,4.22,-0.699999999999999,-0.41,-0.51,0.00106067865156945,0.00704301784454042,-2.55079265896185e-05,0.0728123554749676,0.0288785392984305,7.4770384723197
1971.08333333333,0.00857095222578863,0.0136154594120583,0.00766195151889448,0.436599999999999,-0.199999999999999,0.00103065865381957,39.6,-0.00291083407443082,0.00250941160542606,-0.00228990872549906,7.5109777520141,0.0374894070812593,0.0063381081160917,-0.0600000000000005,-0.149999999999999,4.6,-0.760000000000001,-0.43,-0.43,0.00150698267427085,-0.00897822139339155,-0.00252838242453102,-0.0728123554749676,0.0236673761849495,7.40427911803727
1971.16666666667,0.00198913050995486,0.00186763679090829,-0.00190732486330569,-0.160699999999991,0,-0.000818792750019171,39.4,-0.00552421780376267,0.00249059881127955,0.000784128700065168,7.46221493976819,0.0379898779030388,0.00497554720791926,-0.33,-0.13,4.67,-0.419999999999999,-0.74,-0.68,0.00255336769427306,0.00140207578031593,-0.00250941160542606,0,0.0101677329082381,7.37023064180708
1971.25,0.00313300530488725,0.000515965163954135,-0.00108314624525363,-0.358100000000007,0.0999999999999996,0.000748233568476309,39.6,-2.93774190487373e-05,-0.00250934910425382,0.000384496063939199,7.55485852104068,0.0253178079842895,0.000372169961909696,-0.56,-0.41,4.75,-0.0100000000000002,-0.32,-0.2,0.00107202284022367,-0.00228051162508258,0.00250313021811843,0,0.00138399996963834,7.47250074473756
1971.33333333333,0.00265549264398679,0.00597370978295331,0.005600480989012,0.209199999999996,-0.0999999999999996,0.00248069135502149,39.6,0.00264831624018869,-6.18798478990712e-06,0.000625290763095254,7.59387784460512,0.0335668236390836,-0.000330810903236056,0.65,0.13,4.3,0.45,0.48,0.61,-0.000794903517077117,0.000617431898334964,-6.25001953125093e-06,0,0.0184103624513838,7.46450983463653
1971.41666666667,0.00385567545670717,-0.000710227302581856,0.00505970914519382,0.3249,0,0.00296592220680303,39.6,-0.00272038883173442,0.00246603183219429,0.000228285235917003,7.6251071482389,-0.0136854530852544,0.000330810903236056,0.63,0.56,3.99,0.47,0.28,0.74,-0.000466624201401977,0.0066535736704445,0.0024782544415265,0,-0.00589133861495128,7.58680353516258
1971.5,0.018569248669424,0.00801985664215676,0.00418512101478274,-0.000799999999998136,0,9.82449246755834e-05,39.6,-2.82937456692611e-05,-0.00248441266466237,0.000273890663887943,7.61381868480863,-0.018677276489024,4.13436692565661e-05,0.25,0.13,3.84,0.28,0.61,0.6,-0.00312236024044132,0.00127733971815402,-2.46294802574987e-05,0,0.0185915047830889,7.55118686729615
1971.58333333333,-0.0125529430115172,-0.00427711613600135,-0.00290506087512465,-0.0638000000000005,0.0999999999999996,0.000855726051559813,39.6,-0.00266304276685436,-0.00740437413577633,-0.00142074937133607,7.64156444126097,-0.00724640852076774,-0.000124036136019967,0.319999999999999,0.210000000000001,3.45,0.399999999999999,0.65,0.4,0.000353900132336271,-0.00718128778934801,-0.00248441266466237,0,0.00305557008535651,7.63482067774554
1971.66666666667,0.00341559712068928,0.00568573240366188,-0.00582229798301004,-1.11319999999999,0.0999999999999996,0.000812962592430466,39.5,0.00524239406131,0.0123365891220275,-0.0001054102867597,7.67693714581808,-0.0179377006866668,0.00663495871245812,-0.3,-0.15,3.2,0.260000000000001,-0.46,-0.24,-0.00111495094845804,0.00913345286132383,-6.06665433133813e-06,0,0.00556329671817579,7.60290046220476
1971.75,0.00587846481741217,0.00992129527005892,0.016121698776181,1.3557,-0.0999999999999996,0.00337093901139873,39.4,-0.00527002295007772,-0.00739830748144499,-0.00140350494087071,7.62119516280984,0.0219699642146054,0.0141927341581473,-0.41,-0.44,3.04,-0.0200000000000005,-0.25,-0.39,0.00151562985453335,-0.00276920983069662,-6.03687929601193e-06,0,0.0171032486925977,7.59890045687141
1971.83333333333,0.00276590595867354,0.00243605479788123,0.00745926629588256,0.961600000000004,-0.2,0.00039090858821389,39.6,0.00259396453306704,0,4.58415934221357e-05,7.66293785046154,-0.0214559046751921,0.00814684885042916,-0.21,-0.21,3.28,-0.35,-0.23,-0.5,-0.00167597259522623,-0.00348461185337712,-6.00732292621586e-06,0,0.011999861726407,7.61381868480863
1971.91666666667,0.00507173899039159,0.00504652726541988,0.00423279687160827,0.0944999999999965,0.2,0.00285736383245094,39.8,-0.00520834510713808,0.00245398896156646,0.000525427160721126,7.68799716639302,-0.0474651096637384,0.00148507924301799,-0.149999999999999,-0.12,3.47,-0.29,-0.24,-0.24,0.000354494917846893,-0.000459268366421739,-5.97798308854536e-06,0,0.0115246904741042,7.63964228785801
1972,0.00522052592400257,0.00643483145772894,0.0114778657599022,0.535899999999998,0,0.00364000513050833,39.7,0.0129034048359078,0.0048720511305067,0.00186092691806605,7.73848812249465,0.0666044498744354,0.0132673911688468,-0.0899999999999999,0.12,4.24,-0.77,-0.21,-0.0700000000000003,-0.000781111285118818,-0.00473602772371073,-5.94885767046804e-06,0,-0.000638330366653506,7.66528471847135
1972.08333333333,0.00480789351836464,0.00015270672702794,0.0236272448887624,1.8147,-0.2,0.00459357431742724,39.7,-0.00524053209033859,-0.00976209488995439,0.000175007441699293,7.82164312623998,0.0408018269275594,0.0172259070996222,-0.100000000000001,0.0200000000000005,4.73,-0.63,-0.63,-0.319999999999999,0.00230708833563487,0.00324394658471139,-5.91994458964962e-06,0,-0.00763596504221731,7.71333788887187
1972.16666666667,0.00809370299262824,0.00240206006260335,0.0100413922946943,0.456800000000001,-0.0999999999999996,0.00285342293971169,39.9,-5.82733603498031e-05,0.00972648806056009,-0.000158930646703137,7.77904864492556,0.0182259241780169,0.0128330778227493,0.100000000000001,0.13,4.94,-0.21,-0.18,-0.0100000000000007,0.000720813415804322,0.00306738561473363,0.00241248962249641,0,0.00830203960218157,7.68202151082687
1972.25,0.00631803391023844,0.0161302959018186,0.00689181587442977,0.349899999999991,0.0999999999999996,0.00406616308355723,39.9,-5.73937498364874e-05,-0.00729043326267886,-0.00252085506732236,7.7553388128465,0.0234862838587331,0.00551535351906662,0.18,-0.00999999999999979,4.41,0.53,0.53,0.4,-0.000394160549121558,0.000455813599023358,-0.00484262447578798,0,0.0255015941978112,7.65207074611648
1972.33333333333,0.00135916192731678,0.00291861760034129,0.00995607844212376,0.686400000000006,-0.0999999999999996,0.00298413702073219,39.9,-0.0025471952186773,0,9.25062600534154e-05,7.71824095195932,0.0101617502594999,-0.00302201710394812,0.3,0.12,4.07,0.34,-0.02,0.29,-0.0040328056933383,0.00614606159953013,0.00241254640538413,0,0.00245809881810288,7.66809370908241
1972.41666666667,0.00419053642212219,0.00499423348078709,0.000138223201590737,-0.0700999999999965,0,0.00418738805005248,39.8,-2.48757765917151e-05,0.00483092726966605,0.000705276871560301,7.70571282389443,-0.0101617502594999,0.000842492295074826,-0.32,-0.0600000000000005,3.96,0.0999999999999996,-0.02,-0.32,-4.40370630006015e-05,-0.000819908963391569,-5.80637481961688e-06,0,0.0131064178486007,7.63385355968177
1972.5,0.00280585370896169,0.00322922166924844,0.00264438307775317,0.0704999999999956,0,0.00392591537138998,40,-0.0049751346401139,-2.3225701563323e-05,-0.00071091043764504,7.72046169459972,0.00278164296187722,-0.0167136960241974,0.0600000000000005,-0.0199999999999996,3.74,0.19,0.22,0.29,0.00195934623516347,-0.00324667782100274,-5.77849302629829e-06,0,0.00650257736944404,7.68845535654994
1972.58333333333,0.00603762370922567,0.00734740885897045,-0.00111792416534495,-0.248900000000006,-0.100000000000001,-0.00066455548432387,39.9,0.00247831601446702,-0.0024124908421479,0.00206413750188128,7.71957398925958,-0.00743497848751851,-0.0496332270100208,0.0599999999999996,0,3.68,0.0899999999999999,0.0699999999999998,0.0300000000000002,0.00441380074904263,-0.00136352375036353,-5.75081158338264e-06,0,0.00532968727755367,7.69393732550927
1972.66666666667,0.0092406896865036,0.00535643501040006,0.0138372658323376,0.884399999999999,0,0.00584377719837192,40,0.00737398042854465,0.00237806802670315,-0.000667408451094698,7.77569574991525,0.0348339526756325,0.0022472378657864,0.0499999999999998,0.0999999999999996,3.39,0.26,0.0399999999999996,0.0200000000000005,-0.000946741207553004,0.00322198006432739,-5.72332857329272e-06,0,0.00948072995339544,7.72444664563354
1972.75,0.00378131724104591,0.00171824488871408,0.00794846036864483,0.442900000000009,-0.0999999999999996,0.0016576264703243,40,-0.00252625635093873,-2.26759940602506e-05,0.00157622680788227,7.8164169836918,-0.0145193113244533,-0.0037618624671103,0.23,0.34,3.22,0.0600000000000005,0.640000000000001,0.539999999999999,0.000370823290997357,-0.00307986876662891,0.00237242636286217,0,0.0186959946652969,7.78030308790837
1972.83333333333,0.0227990211646087,0.0163753976165233,0.012622191856595,0.941999999999993,0.0999999999999996,0.00550566055230561,40.1,-5.32807629933796e-05,-0.00950120551719547,-0.0033636957588481,7.81802793853073,0.00182648452603473,-0.019108071341763,-0.0700000000000003,-0.0699999999999994,3.02,0.18,0.0800000000000001,0,-0.00142215603466056,0.00916061628903719,-0.00238943340661324,0,0.0139979675346567,7.76387128782022
1972.91666666667,0.0101234371200327,0.00390912686014522,0.0117530496821709,0.804100000000005,-0.3,0.0039960760708162,40,-0.00486021292369543,0.0118680705274614,0.00185567811141274,7.79193595693806,0.0489639412139216,-0.0182462976660943,-0.0599999999999996,-0.2,2.93,0.00999999999999979,0.04,-0.25,-0.00213278838546493,0.00251131976308194,0.0023556608423152,0,0.00671320661836283,7.71154897962915
1973,0.00367992905859893,0.0038225936549412,0.0110793567075285,0.858400000000003,-0.0999999999999996,0.00392702896164465,39.7,0.00239515516271904,0.00229436641348313,0.000222376170135874,7.76895604453833,0.0206370178563766,-0.00281066533724184,0.04,0.0800000000000001,2.6,0.27,0.29,0.25,0.00166876083841228,-0.0076969482330993,-0.00237242750348621,0,0.0223514518996275,7.79110951061003
1973.08333333333,-0.00397286278393771,0.00972259450731672,0.00720361790817892,0.402799999999999,-0.3,0.00462604794899946,39.7,0.00711139066910715,-0.00241063872336333,-0.00019453352520582,7.8164169836918,0.00763038886569145,0.00484983508246684,0.18,0.0999999999999996,1.96,0.61,0.34,0.37,-0.000603147321473152,0.00568365771176271,0.00233913061174817,0,0.0170080391941401,7.72797554210556
1973.16666666667,0.00365830603062633,0.00612548560383308,0.0141952176032332,1.10079999999999,0.0999999999999996,0.00523640821657345,40.1,-0.0119190922372103,0.00455962694209244,0.0022403300994287,7.73587031995257,-0.036117425227995,0.0296457374639401,0.26,0.18,1.39,0.64,0.19,0.300000000000001,-0.00524328759381731,0.0218328448499552,0.00230635115477584,0,0.0144465560157521,7.70796153183549
1973.25,0.00118762992466337,0.00129772215395851,0.000487765595794887,-0.118899999999996,-0.0999999999999996,0.00354568389430021,40.2,0.00472814119594589,0.00891770894246458,0.0018411113967618,7.76853330092603,-0.0158873597623188,0.0184510091908505,0.2,0.0700000000000003,0.94,0.51,0.49,0.659999999999999,-0.00320572402431907,-0.00988239362158261,0.00225812995381336,0,0.00757005890504736,7.63143166457691
1973.33333333333,0.00194317218136852,-0.00393341800952518,-0.00147297190825713,-0.433199999999999,0.0999999999999996,0.00223911471784355,40.1,0.00232241680072076,-0.013744499162196,0.000311812090630692,7.64204440287326,-0.0188600112001343,0.00456004502775154,-0.13,-0.04,0.97,0.0300000000000002,0.17,0,0.00390934090118655,-0.0114935108260577,-0.00237066441761158,0,-0.00735636592490962,7.55381085200823
1973.41666666667,0.00435640437183693,0.00210911214291976,0.00679159937506579,0.286599999999993,-0.0999999999999996,0.00252117988845768,40.2,-0.00237765229727405,-4.50440305481692e-05,-0.00247981806973829,7.72577144158795,-0.0285076776227555,0.0187070449422936,0.13,0.18,0.22,0.72,0.100000000000001,0.04,0.00324213215850833,-0.00127216145293385,-0.00232244301560414,0,0,7.56579328242851
1973.5,0.00280797057131643,-0.00249626568933037,0.00134746936329089,-0.27409999999999,0,0.00311329915712832,40.1,0.0022957636167007,0.00436084803578884,0.000781195550927372,7.63385355968177,-0.0226424767497599,0.0178590162068242,-0.109999999999999,0.0500000000000007,-0.36,0.65,0.83,0.42,-0.000793514568079523,0.00256577923308399,0.00224425102294568,0,0.00914586473628276,7.62608275807238
1973.58333333333,0.00295397703107447,0.00792430514132603,0.00355118814403221,0.0519999999999925,-0.100000000000001,0.000338101433650095,40.1,-4.82264715195857e-05,-0.0132500570961875,-0.0020796999092112,7.66058546170326,0.00949674753725738,-0.0151361006119448,0.64,0.23,-2.16,1.91,0.819999999999999,1.08,-0.00399809454183053,-0.00268788911730233,-0.0068104690025268,0,0.000305778069414231,7.50604217851812
1973.66666666667,-0.00297388215066263,-0.0124757816411498,-0.00136707844324313,-0.513899999999992,0,0.00330995038726556,40,-0.00462423058422323,0.0368357175723584,0.00785824601261709,7.62608275807238,-0.0190845486924109,-0.024656160052803,0.3,0.27,-1.97,0.0999999999999996,0.66,0.43,-0.00108702043783193,0.0012547270430483,0.0179377006866672,0.191177359251717,0.00298230804766852,7.50052948539529
1973.75,0.00592993439557254,0.014569073407865,0.00796123647126867,0.369299999999996,0,0.0013985654036901,40,0.00683627130292197,-0.0367654229205807,-0.00751735952525001,7.53583046279837,0.017192400540373,-0.0234583703395749,-0.58,-0.31,-2.15,0.279999999999999,-0.380000000000001,-0.51,-0.00214986653986937,-0.0147095809556159,-0.0135031036188011,-0.191177359251717,0.0133461087259494,7.44073370738926
1973.83333333333,0.00868072131542519,-0.00688946403020818,0.00842415511371453,0.5852,-0.2,0.00427420057610028,40,-0.0045973283978813,-4.54627080781478e-06,0.00168727986599393,7.42476176182321,0.0390021578032691,0.00449717106575531,-0.28,-0.3,-1.6,-0.77,-1.07,-0.91,0.00332822639511754,0.00140253104811805,0.00437603261428876,0,0.00553749589832897,7.25205395185281
1973.91666666667,0.00228534279681725,0.00178812522444183,0.00453308256035889,0.312899999999999,0.2,0.00402503002787213,40.3,0.00222924492315091,0.0106451621965413,0.00252459941427574,7.45240245122364,-0.0736877157911593,-0.0175246376845901,0.15,-0.0599999999999996,-1.61,0.0199999999999996,0.61,0.17,0.00352490574287234,0.000627503520969519,-0.00225322913599602,0,0.00792963785498557,7.24565506759454
1974,-0.00265307602672671,-0.0085133842831242,-0.0028767674819079,-0.261299999999991,0.100000000000001,0.00142352429602077,40.1,-0.00451973023471819,-7.18210220442828e-05,1.96600735833385e-05,7.3304052118444,-0.0734143967448286,-0.0295914797758681,-0.12,0.00999999999999979,-1.47,-0.0800000000000001,-0.38,-0.300000000000001,0.000295655389319194,0.00314625384694889,0.00211944347952997,0,-0.0263209608789428,7.1608459066643
1974.08333333333,-0.00856104993217066,-0.00056543097947781,-0.00661109598581033,-0.978700000000003,0.199999999999999,0.000883873215340003,39.8,-0.00224466985382388,0.0164586829758626,0.00133736905987369,7.28000825288419,0.0139349522957506,-0.0411384911924889,0.15,0.25,-1.17,-0.299999999999999,0.319999999999999,0.15,-0.00284730174017511,0.0032263462121076,0.00206439780572421,0.852587128916724,0.0124604223673881,7.19368581839511
1974.16666666667,-0.00602288315784882,-0.00577862106108951,-0.00317246959962336,-0.634799999999998,0.100000000000001,0.00196988947899435,40,0.0111483874826142,-0.00662293137824577,0.00205555105010546,7.46851327149634,-0.0280668349336208,0.0226287190045265,-0.13,-0.0300000000000002,-0.44,-0.68,-0.649999999999999,-0.54,0.00032333446928412,-0.000499056006002085,-0.00011414925712705,-0.852587128916724,0.00593090065656909,7.2152399787301
1974.25,-0.00656549149356422,0.00156316644022514,3.95806213329131e-05,-0.3613,-0.100000000000001,0.000536569798883946,39.9,-0.00672360150225826,-0.00826452664838095,-4.94982021415069e-05,7.34923082461333,0.0418102700600151,0.0284712113656662,0.489999999999999,0.25,-0.73,0.379999999999999,0.84,0.88,0.00158319175671107,0.0135775445230326,-0.000111748574763038,0,0.0143009702859924,7.27239839257005
1974.33333333333,-0.000589167825454595,0.00333132816856274,-0.00291997371177732,-0.630800000000008,0,0.00109779303586777,39.1,-0.00221971342204208,-9.92096956462518e-05,-0.00449432277922579,7.38212436573751,-0.0524606854015079,0.0203001134936607,0.61,0.3,-1.64,1.16,0.37,0.859999999999999,-0.00359106990482072,0.0116684661474471,-0.00425880638521736,0,0.0132714901534445,7.13409372119287
1974.41666666667,0.00090762649612941,0.00289701668786968,0.007892451141148,0.389700000000005,0,0.00212832471645896,39.8,0.0152626204820772,0.00185395768013219,0.0027732023199234,7.26262860097424,-0.0306398535961225,0.0104534196382274,0.26,0.0700000000000003,-2.26,0.800000000000001,-0.0999999999999996,0.16,-0.00126721693180887,-0.0209460399564536,0.004084816180427,0,0.0113729902880078,7.03702761468628
1974.5,-0.000692603538174907,-0.00236644702047029,-0.00176506316615077,-0.216400000000007,0.300000000000001,0.000699954849675777,39.7,-0.00670332645323257,-0.0117648415795863,-0.00135008803013381,7.32184971378836,0.00133734556876064,-0.00978379543977326,-0.0800000000000001,-0.04,-2.66,0.619999999999999,-0.33,-0.109999999999999,0.00170650103779746,-0.00112384984345315,-0.00214458659055428,0,0.00243137028011731,6.99025650049388
1974.58333333333,0.00394835090762946,0.00328326361559705,0.0021522594434038,-0.2286,0.0999999999999996,0.000407021119839257,39.7,-0.00436092955195133,0.0269247033705926,-0.0011157803044024,7.18235211188526,-0.124109386437489,-0.000251056530880533,0.280000000000001,0.27,-3.44,0.99,-0.350000000000001,0.130000000000001,0.000440636878439093,0.00745897258559669,-0.00209298426616034,0,0.0159656490664037,6.90975328164481
1974.66666666667,-0.0016794326730043,0.00744437738126846,-0.010675275936975,-0.988099999999989,0,-0.000216209342356777,39.7,0.00628172249210857,-0.00812715740309011,0.00305489238488343,7.04053639021596,-0.0422362248548831,-0.0185847552095677,0.25,0.23,-2.24,-0.91,1.41,0.559999999999999,-0.00103414914988065,-0.0083778910366874,0.00599313877081054,0,0.0280435252558355,6.82110747225646
1974.75,-0.00104815487090804,-0.0100559899473485,-2.21060182514776e-06,-0.208300000000008,0.4,-0.000114482697338048,39.5,-0.00223574365297452,-0.00768632054243179,-6.76508336936443e-05,7.0475172213573,-0.109857143445858,-0.0124838068356293,-0.260000000000002,0,-1.16,-0.67,-0.9,-0.49,0.00123031962265063,-0.00431827621827896,0.00183365182711848,0,-0.0242052485487481,6.73340189183736
1974.83333333333,0.00322161821450351,-0.00276018434909231,-0.0027271798356705,-0.728399999999993,0.0999999999999996,0.000254388197760136,39.6,-0.00010806207960834,0.00713745616332861,-0.00318984460411942,6.97541392745595,0.0191922145576076,0.00709756716472698,-0.399999999999999,-0.139999999999999,0.42,-1.28,-0.600000000000001,-0.819999999999999,0.0017744010429892,-0.00205910085487737,-0.00605651710504107,0.0988109239207851,-0.00941587627959173,6.71417052990947
1974.91666666667,-0.00597257183730449,-0.0106518525529848,-0.0334825414118236,-2.66330000000001,0.6,-0.004652801663239,39.1,-0.00623457184207954,0.00144756838732496,0.000337525268072181,6.93342302573071,0.0325854017520415,-0.00334893619423449,-0.29,-0.220000000000001,1.15,-0.610000000000001,0.00999999999999979,-0.390000000000001,-0.000147820741245752,-0.00036614037521332,0.00188211851445885,-0.0988109239207851,-0.00523544198912518,6.6631326959908
1975,-0.000616751085912526,-0.00193590079818984,-0.0367567005019169,-3.8344,0.600000000000001,-0.00786319847705741,39.1,0.00405652868650774,-0.0196962499757243,0.000406635835041858,6.88243747099785,-0.0673116219924905,0.00180466684135605,-0.37,-0.25,2.1,-0.92,-0.319999999999999,-0.350000000000001,-0.00202814390173245,-0.00162141653921388,-0.00201919244321225,0,-0.0153820245712932,6.76734312526539
1975.08333333333,-0.000929524407228044,0.00811283733522483,-0.0140254619198457,-1.7243,0.899999999999999,-0.00463391064447549,38.9,-0.00208426456277877,0.00530505222969335,-0.00170584137279173,6.93925394604151,0.0786769556952356,0.0140249970311614,0.100000000000001,0.0700000000000003,3.68,-1.4,-0.890000000000001,-0.48,0.000757616371608982,-0.00294256944888538,-5.94016031181255e-05,0,0.0360537527027471,6.5875500148248
1975.16666666667,-0.000486005443265825,0.0086829174161549,-0.0232031008702158,-2.2124,0,-0.00486347587614944,38.6,-3.67316204195056e-05,-0.00707027775426283,-0.000760846007944682,6.80682936039218,0.0988620482674323,0.0140814835975176,-0.3,-0.11,4.41,-0.89,-0.76,-0.85,0.00392459920089472,-0.00794034805397725,-0.00195783222624746,0,0.0144385251830226,6.59167373200866
1975.25,0.000736484849813479,-0.0021194681006298,-0.011236115099643,-1.12419999999999,0.5,-0.0035164069939313,38.3,0.00394777861912354,0.00176522552456948,-0.00203758515633901,6.90073066404517,0.044918461444575,0.00922354787750734,0.19,0.340000000000001,4.94,-0.7,-0.00999999999999979,0.13,0.00328416525361419,-0.00563263781511925,-0.00192467770423521,0,-0.0228859628195011,6.56385552653213
1975.33333333333,0.00121884727590604,0.00113094198306252,0.00233105859527294,-0.0791000000000111,0.200000000000001,-0.00245578408030589,38.7,-0.00800399510345695,0.0087951314528274,-1.1397059847873e-05,6.91274282049318,0.0111573857742622,-0.0197554820055513,0.69,0.5,5.09,-0.0499999999999998,0.12,0.79,-0.000994024923675063,0.00817768784298512,-1.43481286456471e-05,0,0.0137472537377406,6.76388490856244
1975.41666666667,0.0060872696568115,0.019795008805271,-0.00329248787754999,-0.24069999999999,0.199999999999999,0.00214261533198723,38.9,0.00197430324446768,-0.0035549447892711,0.000628992903093817,7.02197642307216,0.0615684633211409,-0.0214025904879561,-0.27,-0.17,5.47,-0.27,-0.38,-0.510000000000001,0.00273579808861779,-0.00338734799478146,-0.00189570814413464,0,0.0452079195499291,6.81783057145415
1975.5,0.0172923000727518,0.0014188080933577,0.00627379785791948,0.486099999999993,-0.199999999999999,-0.00134513063476405,38.8,0.00195094604696022,0.0034328945898725,0.00223176673937564,6.99117688712121,0.0252068140333463,-0.0174756664411261,-0.21,-0.2,5.07,0.33,0.109999999999999,-0.0999999999999996,0.00220886432153566,-0.000588204269756254,0.00561971095829605,0,-0.00110513062524653,6.85224256905188
1975.58333333333,-0.0110870761639887,0.00403776021807856,0.0104277982971066,0.912400000000005,-0.200000000000001,0.00324872587431635,39.1,-0.00198977360987551,-7.45759981972682e-05,0.00230155285554856,7.11151211649616,0.000973551918530546,-0.0429200438486139,0.41,0.2,4.45,0.55,0.79,0.82,-0.00331778229618251,0.00238735870154194,0.00179766700824624,0,0.0155029263395008,6.92755790627832
1975.66666666667,0.00743205993919815,0.00257975893351903,0.00978990498515797,0.616900000000001,-0.199999999999999,0.00497652450174968,39.4,0.00387573680685005,-7.33044318721454e-05,-0.00420107513830859,7.13886699994552,-0.0761310256553775,-0.0326631809606674,0.41,0.34,4.45,0.04,0.31,0.59,-0.00431580351114214,0.0014164427152128,-0.00560553078098769,0,0.0107287484517329,6.90173720665657
1975.75,0.00235407604267301,0.00253885613438909,0.0128274143058635,1.09859999999999,0,0.000971622232015079,39.5,-0.00392133661533878,-0.00175698547722014,0.00060642247484699,7.1420365747068,-0.0122081572566053,-0.0147226138804746,0.0399999999999991,0.0299999999999994,4.37,0.100000000000001,-0.0200000000000005,0.0499999999999998,0.000337289055166501,0.00336276702832361,0.00365611242393271,0,0.00195285310521243,6.96979066990159
1975.83333333333,0.00468017017035471,-6.85330500904691e-05,0.00438858427926769,0.264300000000006,0,0.00403184666921241,39.5,-1.49651872334289e-05,0.00162813960676722,0.000853250497347968,7.20340552108309,0.0450318521673054,-0.0128497975986688,-0.399999999999999,-0.289999999999999,4.8,-0.42,-0.46,-0.8,-0.00217419611988579,-9.09424365591605e-06,-0.0018735085406334,0,0.00660736361246173,6.99942246750796
1975.91666666667,-6.19512234987241e-05,0.00754462911332165,0.00134316107532007,-0.0290999999999997,-0.0999999999999996,0.00186825630118115,39.5,0.0019026960592905,-0.00505745368739241,0.000620511339727958,7.2152399787301,0.0167939459741602,-0.00409237636328452,-0.17,-0.0899999999999999,5.34,-0.600000000000001,-0.48,-0.46,0.00274482002754617,6.81028075302237e-05,0.00178009424817915,0,0.00414447014901675,7.01211529430638
1976,0.00146643931541846,0.00951147015273479,0.0135618859783548,0.940799999999996,-0.100000000000001,0.00426456311620349,39.8,-3.30300077648893e-05,-0.00167362194645282,-0.000907211363568194,7.18614430452233,-0.0153272564801172,-0.0129224252467113,-0.04,-0.0500000000000007,5.36,-0.0199999999999996,-0.04,0.109999999999999,0.000115148743430993,0.00456404618427708,-0.00184926728455714,0,0.0154972176066863,6.99484998583307
1976.08333333333,0.00655770632002373,0.00985559920051715,0.0131037213318073,0.725800000000007,-0.299999999999999,0.00621008895847019,40,0.00185949455769041,-0.00333055863812248,-0.00171965693812748,7.22037383672395,0.0880067476595485,0.00320932460021139,-0.3,-0.26,5.54,-0.33,-0.57,-0.79,0.000988314728507689,-0.00792477797672841,-0.00181962459751883,0,0.0246320701788409,7.08590146436561
1976.16666666667,0.00580167484759997,-0.000834292818411075,0.00975892943683965,0.947800000000001,-0.2,0.00397918131948849,40,-5.71769591304339e-05,-2.77778163582099e-06,-0.00249045228875122,7.33823815006559,0.037885620690556,-0.00118378232231842,-0.00999999999999979,0.0499999999999998,5.47,-0.100000000000001,0.00999999999999979,0.100000000000001,0.00307457098407582,0.000571710056071595,-0.00180015735694017,0.0750675730334227,-0.00706314166132493,7.08170858610558
1976.25,0.00261977139794567,0.00496212824017794,0.00216011871474908,0.0716999999999928,-0.100000000000001,0.00293924095453413,39.7,-0.00192025540258767,0.00333611420139412,0.000213612054229984,7.2591161280971,0.00495786836078693,-0.0420318861479871,0.04,-0.0599999999999996,5.28,0.0700000000000003,0.12,0.3,-0.0039757308759274,-0.0108331940548227,-3.20019969191065e-06,-0.0692656504173148,0.00660895752615431,7.05961762829138
1976.33333333333,0.00385043574711297,0.00711699655763187,0.00494903559719839,0.265299999999996,0.100000000000001,0.00308197793530418,39.4,-0.00188833781397491,0.00331948441034235,0.000749730341865096,7.24064969425547,0.00788181420225342,-0.0509465950698923,-0.24,-0.170000000000001,5.12,-0.0199999999999996,-0.14,-0.29,0.00095214520530984,0.00286982078080911,-3.18878059513139e-06,-3.34682193674496e-05,0.0194573983299442,7.03174125876313
1976.41666666667,0.00114805775195492,-0.00718343953297307,0.00424181452508554,0.215900000000005,-0.3,0.000252200450253426,39.9,0.00552636068116841,-0.00333054030341007,0.00249188352944207,7.28550654852279,-0.00689318337531386,-0.0210176857137286,0.34,0.340000000000001,4.57,0.47,0.34,0.48,0.000362825150566515,0.0166524783420483,0.0035492241818611,-0.00576845439674045,-0.00810807698297999,7.08506429395255
1976.5,0.00147697843932804,0.0113637586503152,0.00102637286368656,-0.109700000000004,0.199999999999999,0.000806614280474349,39.8,-0.00557428504284219,-2.74111160258883e-06,-0.000377099622119292,7.30988148582479,0.00591134726305675,-0.0245819931212322,0.0200000000000005,-0.04,4.41,0.19,0.21,0.119999999999999,-0.00547899719663558,-0.00163383058581879,-2.82937456690391e-05,0,0.0205058448868023,7.08002649992259
1976.58333333333,0.00613784937714534,0.00288638353107862,0.00567944931894093,0.388900000000007,0.2,0.00215198638324665,39.8,0.00545600883396369,0.00164607293262975,0.000687054630584161,7.24494154633701,0.0233020252028444,0.0118344576470027,-0.12,-0.0300000000000002,4.51,-0.170000000000001,-0.18,-0.319999999999999,0.00292407610959078,-0.00351955093760914,-2.79951288497671e-05,0,0.0074165074118806,7.12689080889881
1976.66666666667,0.00282815974586725,0.00176707398970777,0.00685435158571801,0.3078,0,0.00197173080061575,39.7,-8.26480433546717e-05,-1.08563782577065e-05,0.000430918439529471,7.34601020991329,-0.00867475319367372,-0.0012332531413386,-0.180000000000001,-0.0600000000000005,4.35,-0.0199999999999996,-0.0900000000000007,-0.2,0.00330915592357961,0.00341130856581362,-2.77012146998601e-05,0,-0.0054016702061741,7.1770187659099
1976.75,0.000865439902995035,0.00372026666721981,0.00345105135295176,0.0386000000000024,-0.2,0.00235594986036958,39.9,-0.00186847611125307,-1.07851887003463e-05,0.000109640329311489,7.4500795698075,0.0210735767905286,-0.0316835618718031,-0.18,-0.18,4.15,-0.04,-0.0599999999999996,-0.16,-0.000397422541321468,0.00400042831448921,-2.7411904992114e-05,0.13291493313721,9.14871067436707e-05,7.3004728142678
1976.83333333333,-0.000319883697738277,0.00156229689373433,-0.000304486930684078,-0.290800000000004,0.100000000000001,0.00023779278348357,39.7,-0.00539404883456895,0.00161927751384816,-0.000378336440913785,7.39572160860205,-0.0347190126874422,-0.0532087817447761,-0.38,-0.18,4.27,-0.23,-0.16,-0.34,0.00174974548006723,-0.000678169147333207,-2.71271040475085e-05,-0.13291493313721,0.0149097930301352,7.26192709270275
1976.91666666667,0.00872953867751036,0.00577230256635319,0.0151273417142681,0.825800000000001,0.0999999999999996,0.00410862826727154,39.8,0.00710163684315024,0.00321237556190734,-0.000683621970026138,7.40306109109009,-0.00689318337531386,0.000244215154763971,-0.23,-0.12,4.28,-0.0699999999999994,-0.17,-0.21,-0.00103752767537291,0.00102426293974922,-0.00174653759818799,0,0.00415531760091703,7.33367639565768
1977,0.00305983667320753,0.0131703423102913,0.0107538061144394,0.650700000000001,0,0.00258886931410274,39.6,-0.00183424443735603,-6.52488526222683e-05,0.00104557813852191,7.49776170062257,0.0340003610231259,0.024303925031447,-0.42,-0.42,4.47,-0.3,-0.4,-0.4,0.000386463556309558,-0.000683279020738503,0.00170194669739931,0,0.028090093871592,7.32052696227274
1977.08333333333,-0.0048621968538729,-0.00287622837381907,-0.00702229010406485,-0.544499999999999,-0.3,0.00300363889263267,38.9,0.00169425921334554,-0.00644381431785757,0.00020823367062528,7.33106030521863,-0.0086331471447032,0.0200549366287583,0.48,0.34,4.47,-0.04,0.27,0.4,-0.000658311257370592,-0.0043909168233931,-2.63889764458014e-05,0,-0.00711148368984027,7.2902928824466
1977.16666666667,0.00323549372898135,0.00555326483776408,0.0156756690486763,1.2567,0.0999999999999996,0.00368634368885346,40,-0.00353609200470251,0.00953646304348155,0.00200316870641082,7.57198844937744,-0.0273454538905282,-0.00122710156514505,0.25,0.18,4.44,0.0699999999999994,0.0499999999999998,0.18,-0.000807460940110083,0.00579403662363553,0.00504574216975939,0,0.0227665673431758,7.35244110024358
1977.25,0.00442178227164725,0.000668140843486764,0.0126992384400579,0.964399999999998,-0.199999999999999,0.0049637062358876,39.9,-2.70331561673665e-05,-0.00325748298515016,-0.00278936044079048,7.63191651307125,-0.00396825917562094,0.00414272553273853,0.0999999999999996,0.0700000000000003,4.43,0.0100000000000007,-0.0700000000000003,0.0300000000000002,-0.00137218406369488,0.000556874375163829,-0.00512331110200481,0,0.00823092167403772,7.41457288135059
1977.33333333333,0.00430447646421683,0.00139846826974388,0.00956357216688675,0.655799999999999,-0.2,0.00413195862491733,40,0.00339790665902573,-0.00318174064375132,0.000780436291079489,7.54538974961182,-0.0155274845210789,0.000931207144464818,-0.14,-0.0899999999999999,4.34,0.04,-0.0599999999999996,-0.0599999999999996,8.26212489677403e-05,-0.00325028208377987,0.00164272008317212,0,0.0153890816442033,7.41457288135059
1977.41666666667,0.00249688019858851,0.00275940990545021,0.00785383793533967,0.437100000000001,-0.2,0.00439518214983359,40.1,-0.00346864302462091,0.00153202896908233,-0.000733906463666667,7.58629630715272,-0.00293210866758109,-0.000290909092960701,0.15,0.0899999999999999,3.66,0.619999999999999,0.42,0.399999999999999,-0.00149075633466644,0.0017636189006911,-0.00336119805812096,0,-0.00438962334631832,7.41938058291869
1977.5,0.00153602722784818,-0.000380155868482834,0.00774681431686908,0.513300000000001,0.2,0.00486098565573556,40,0.00335235043232807,-0.00312977207238863,0.000538964828327604,7.54591815120932,0.00535219656852437,0.00034908075755935,-0.180000000000001,-0.18,3.52,0.04,0.0599999999999996,-0.04,-0.000553023180257739,0.0014404902985774,0.0016432226293448,0,0.00529542054639798,7.46851327149634
1977.58333333333,0.00554186844513005,0.00807881192771598,0.00127804056753122,-0.239899999999992,-0.3,0.00418577691028155,39.9,-0.00174473670422182,-9.58510857529404e-06,-0.000427219513994714,7.62948991639399,0.00912332760526091,0.00203387930762533,0.0800000000000001,0.0499999999999998,3.45,0.0300000000000002,0.170000000000001,0.140000000000001,2.9304304551836e-05,-0.000833893869354618,-2.45887866947569e-05,0,0.0114029742345991,7.43070708254597
1977.66666666667,0.0039154434582187,-0.000565913178872002,0.000987592797033532,0.2149,0.0999999999999996,0.0029052091147328,39.9,-0.0033782296720295,0.00306267300470608,-0.000519375852964465,7.61085279039525,-0.024754989785289,0.00987790719543136,0.19,0.0700000000000003,2.92,0.48,0.3,0.43,0.00107977148954852,0.00335872243537416,-2.43467298970401e-05,0.0661110251120625,-0.000862340588156485,7.48436864328613
1977.75,0.00621521510005785,0.00310856675473081,0.00411450672433578,-0.179700000000011,-0.2,0.00548597773387272,39.8,0.00331111388888905,-0.00156319186577925,-0.000872369931149475,7.57507169950756,-0.0156720394971659,0.00195245267031519,0.00999999999999979,-0.0600000000000005,2.66,0.239999999999999,0.319999999999999,0.16,-0.000951628636147284,-0.00411621490373282,-0.00165410044081238,-0.0661110251120625,0.00437036145233805,7.42297125104942
1977.83333333333,0.00860319288437594,0.00833585320465469,0.00141046080504648,-0.0855999999999995,0,0.00320321551350666,40,0.00160208662724526,0.00149762515865515,0.000866119389778319,7.62168499872461,-0.0262161668737493,0.0159356852417667,0.28,0.18,2.42,0.33,0.350000000000001,0.44,-0.00117030663488915,0.00364800145605759,0.00161405083269273,0,0.0196928231995113,7.47193207824512
1977.91666666667,0.00786625858201973,0.00607527750438797,0.00183764370876904,-0.0278999999999883,0,0.00444119725306713,40,-0.00333560803355315,0.0014703161066727,0.00108090592805032,7.62168499872461,0.00574408557337058,0.0260261562220836,0.0199999999999996,0.0600000000000005,2.44,0.04,-0.0600000000000005,-0.0199999999999996,0.000436707815998361,-0.00293135991266169,0.00159048690830854,0,0.00788872819819275,7.47929963778283
1978,0.00441172448988603,0.00197579713571683,0.00178897192159244,0.672699999999992,-0.399999999999999,0.00281167325452536,39.8,-0.00165410044081238,-0.00305071853473748,-0.000870585538487401,7.66949525100769,-0.00489102516761886,0.0200420606814555,0.140000000000001,0.11,2.43,0.0499999999999998,-0.0299999999999994,0.00999999999999979,-0.00043780696093787,0.000187576237013154,-0.00164547375730173,0,0.00456918282505825,7.46965417293213
1978.08333333333,-0.00352324870277521,-0.0107596269100836,-0.0148284552105959,-1.518,0,0.00217746411565045,38.7,0.00647235998376883,-2.02299698024433e-05,0.00103505893772127,7.4489161025442,-0.038794455687321,0.0425933138401801,0.289999999999999,0.27,2.47,0.140000000000001,0.37,0.32,0.00113416047633041,0.00417246217273171,0.00157298109715232,0,-0.0199360398777344,7.46164039220858
1978.16666666667,0.00447186330949556,0.0144844846084267,0.00534223932792433,0.0936999999999983,-0.100000000000001,0.00417596246877316,39.4,-0.00329909064552791,0.00294731201813114,-0.00124622869066782,7.46049030582534,-0.0141719718350952,0.00221941302489159,0.0600000000000005,0.0699999999999994,2.42,0.0800000000000001,0.00999999999999979,0.0599999999999996,-0.00285051015174176,0.00150771763329161,-0.0016267430928103,0,0.0233373223139921,7.4593388952203
1978.25,0.00567058701037837,0.00993664065177713,0.0189873192292036,1.2081,0,0.0060091256358259,40,0.00155240157788872,-0.00300038141965331,0.00181910306671584,7.61677580869837,-0.00179977551393939,-0.0177373249172823,0.0300000000000002,0.00999999999999979,2.43,0.00999999999999979,-0.16,-0.0300000000000002,0.000676372155726135,0.00158578582911861,0.00155585629898969,0,0.0243620667807161,7.49498623395053
1978.33333333333,0.00571083298471109,0.00600565971430145,0.0200739523307374,1.06400000000001,-0.2,0.00818081499051537,40.1,0.00309118474374737,0.00729574271762523,0.00109197312795084,7.69484807238461,0.0428644917549352,-0.0297209775534116,0.12,0.110000000000001,2.43,0.0999999999999996,0,0.140000000000001,0.00112727288756531,-3.67403565890712e-05,0.00152636488866165,0,0.0246633940910819,7.57455848420248
1978.41666666667,0.00115080860003225,0.00398382853201396,0.00465522518171424,0.137500000000003,-0.0999999999999996,0.00401920956177904,39.9,-0.00480537693964989,-0.00446814374370597,-0.000431391268782111,7.6377164326648,0.049452533163973,-0.0172314640352762,0.199999999999999,0.199999999999999,2.13,0.470000000000001,0.12,0.37,0.00141111702802554,-0.000196745994388792,0.001490362477929,0,0.00640004616231593,7.47647238116391
1978.5,0.00364069386536592,0.00324773245112953,0.00646807254473414,0.359099999999998,-0.0999999999999996,0.00508478603211948,40.2,0.00306640693339455,0.00138339095106943,-0.000608852621137856,7.63530388625941,0.00256318385064969,0.0104506737264113,0.18,0.110000000000001,2,0.239999999999999,0.32,0.27,-0.00165085130383069,-0.00170143742125095,-0.00162381632432762,0,0.0171509246448061,7.5923661285198
1978.58333333333,0.00548525732626182,-0.00475489174170107,-0.000824774939578443,-0.33720000000001,0.3,0.00291696062220659,40.2,-0.0016238163243274,-7.41059427129542e-05,-0.0010603054599061,7.64587582518481,-0.00482423311813474,0.0309233932239305,0.18,0.18,1.79,0.21,0.279999999999999,0.300000000000001,-0.00184772647751075,-0.00162719511182452,-5.917334834038e-05,0,-0.00646991527324836,7.48773376143644
1978.66666666667,0.0045156050714894,0.0089791741292724,0.00409541251020329,0.17240000000001,-0.3,0.00319428735086902,40.1,-0.00158705752639432,-0.00715001670276294,-0.000398037305613386,7.59890045687141,0.0667610725898022,0.0238311369156303,-0.209999999999999,-0.23,1.44,0.23,0.0700000000000003,-0.0800000000000001,0.0028358247239888,-0.00283024994290315,-0.00157457387831528,0,0.0131191706523115,7.43307534889858
1978.75,0.00131296933160918,-0.00161570258354482,0.00253099420489677,0.12639999999999,0.0999999999999996,0.001576206466682,40,0.0014811944777926,0.00847260929781957,0.000616208911140781,7.58578882173203,0,0.00969213504848698,0.0999999999999996,0.00999999999999979,0.97,0.41,0.77,0.33,0.00151286713751198,-7.75555306491427e-05,0.00297520728609246,0,0.00464297044232254,7.46794233228585
1978.83333333333,0.00364336267090692,0.00170538734167991,0.00747088326229361,0.316800000000001,-0.2,0.00381599419647394,40.1,0.00144732310803852,-0.00568354110885316,0.00227355085838221,7.59135704669855,-0.0322766404395427,0.0242008281812305,0.18,0.220000000000001,0.63,0.510000000000002,0.140000000000001,0.5,-0.0031741149704958,0.00113821755624244,-8.14098375192529e-05,0,0.0176393967201829,7.48493028328966
1978.91666666667,0.00174125571583694,0.00361059698472088,0.00768656737249485,0.531500000000008,0.100000000000001,0.00493346506933712,40.2,-0.00157283442418943,0.00415771713417179,-0.00228964968678369,7.64683139143048,-0.0603326664276285,-0.0235376136070138,0.23,0.17,0.07,0.799999999999999,0.65,0.869999999999999,-0.000396963961387442,0.00183374785892898,-0.00303854241497969,0,0.0151939289895218,7.49276030092238
1979,0.00567091247966189,0.00602831860196495,0.0049748848264124,0.352499999999992,0.0999999999999996,0.00316273659397304,40.2,-5.56932416397871e-05,0.00268158651606853,-0.000990948954088466,7.6226639513236,0.0146737775971824,0.012820363590843,0.24,0.199999999999999,-0.09,0.27,0.44,0.290000000000001,4.81756874473049e-05,-0.00623472055678143,-3.51172146819678e-05,0,0.0131621639259425,7.50549227473742
1979.08333333333,0.00331983480675113,-0.00361857135170984,-0.0054318984440771,-0.863500000000002,-0.0999999999999996,0.00154384493051118,39.8,-0.00300038141965198,0.00123700780606661,0.00286973083201048,7.39633529380081,0.0367726040055087,0.00962075867824208,0.119999999999999,0.0899999999999999,0.06,0.0400000000000009,0.27,0.109999999999999,-0.000972864711404675,0.00449667587854563,0.00288927401736316,0,-0.00617901389001929,7.2868764117507
1979.16666666667,0.00393971354048439,0.00486128536198205,0.00478054686657314,0.00510000000001298,0,0.00277742036040252,40,0.00437603261428898,-0.00283370134889616,-0.00221522734709811,7.32646561384032,-0.0149543051539229,-0.000548696858759468,-0.0699999999999985,0,0.02,-0.00999999999999979,-0.0299999999999994,-0.17,0.000418902112300223,0.0064802967074673,0.00136940665191521,0.065169635074581,0.00840252673999586,7.30787278076371
1979.25,0.00302587723311376,0.000975335903176777,0.00326020931613646,0.172499999999999,-0.100000000000001,0.00474980448701601,40.3,-7.69497134001096e-05,-0.00142097094649163,0.00247209876190979,7.52131798019924,0.0188580186343961,0.0166258159159564,0.0699999999999985,0.0199999999999996,0.17,0.0299999999999994,0.16,0.00999999999999979,0.00272165273602365,-0.00070039725317983,-0.000102330739304435,-0.065169635074581,0.0199565464142903,7.4500795698075
1979.33333333333,-0.00801316172559829,-0.00565835225675393,-0.0120874549161809,-1.7034,0,-0.000693140176217355,38.9,-0.00873367996875474,0.00257800741475211,0.00258908867359553,7.46622755621548,0.0197830388494449,0.0173672061462512,0.0500000000000007,0.0600000000000005,0.32,-0.0800000000000001,-0.0199999999999996,-0.130000000000001,0.00301961795528349,0.00705802146052825,-0.000100291356708304,0,-0.00230304300026596,7.37588214821501
1979.41666666667,-0.00346319326261835,0.00281836573117378,0.0090277066611546,0.946799999999996,-0.2,0.00415165267147977,39.9,0.012959144642505,-0.00534700906774077,-7.77576756125775e-05,7.53689712956617,-0.0234861907568424,-0.00716328507117348,-0.00999999999999979,0.0700000000000003,0.23,0.23,0.149999999999999,0,-0.00449092770378279,-0.00398257315923356,0.00130322958691131,0.132742437948491,0.0102950118052938,7.42892719480227
1979.5,-0.000527716878545803,0.00257408015260108,0.000210055492037231,-0.132999999999996,0.100000000000001,0.00354647753272097,39.9,-0.00725299506565014,-2.75559903304412e-05,-0.00207230535873038,7.55642796944025,0.0195607686407371,0.0255133006050661,-0.390000000000001,-0.34,0.09,0.0499999999999989,-0.549999999999999,-0.549999999999999,0.00327535524705791,-0.00123232889111424,-0.000125548293101296,-0.0789660411676865,0.00426977439941467,7.40245152081824
1979.58333333333,0.00755118725687787,-0.000975595412260333,-0.00167396009628806,-0.158300000000011,0,0.00120892847109744,39.8,-3.23754909472562e-05,0.00515408979519183,-0.000633428083780974,7.4730690880322,0.00978481387999874,0.0676882975548172,0.0500000000000007,0.0399999999999991,-0.18,0.180000000000001,0.18,0.0700000000000003,-0.00077763323663671,-0.00168629908534879,-0.000122781303631747,0.0761490257013042,-0.00431052673329724,7.3356339819272
1979.66666666667,0.00158895810652204,0.0107673433758388,-0.00660936331005013,-1.2739,0.3,0.000919581046094464,39.9,-3.20101792394833e-05,-0.000106836893552398,2.71368529256577e-05,7.48324441607385,0.0447480651402516,-0.0102300407356547,0.16,0.0800000000000001,-0.59,0.469999999999999,0.279999999999999,0.34,-6.76388112230697e-05,-0.00616016341225922,-0.00147603720270961,0.0676055529753752,0.0363356233196779,7.37211802833779
1979.75,-6.10022946823108e-05,0.00245492130188119,-0.000169050046017194,-0.137799999999999,-0.0999999999999996,0.000298958629674217,39.8,0.00136597325073673,0.0062045071534369,0.00116915087335512,7.51316354523408,0.0111112254250703,-0.0181355626852456,0.35,0.300000000000001,-0.89,0.49,0.74,0.859999999999999,-0.00301933165279245,0.0033583460278912,-9.0215403145244e-05,-0.124771621175055,0.00982866551474793,7.40123126441302
1979.83333333333,1.63462837186046e-05,-0.00342100595333328,0.00723575205807636,0.259500000000003,0.0999999999999996,0.00170346486040174,39.9,-0.00282654639700386,-0.0052302195843863,-0.000656782138768186,7.42714413340862,-0.0384843360949692,-0.0243307550968264,1.22,0.970000000000001,-2.37,2.34,1.44,1.6,-0.000847958842218333,-0.00724447878547707,0.00124214647299237,-0.055367611570559,-0.00719909903541094,7.3004728142678
1979.91666666667,0.003213842027181,0.002544940017148,-0.00155039539100033,-0.448599999999999,-0.0999999999999996,0.00101627147611438,39.8,0.00274884390426866,0.00110394229893984,-0.00121771599956544,7.32909373624659,-0.00768495616938392,-0.00401963616710466,0.299999999999999,0.35,-1.19,-0.59,0.0899999999999999,-0.0499999999999989,-0.000564200747537491,-0.00251588076198583,-0.000113179786210615,0.0492996317868029,0.0132514155606884,7.15148546390474
1980,0.0025431161754188,-0.00298437812936259,0.000670266557449395,0.035899999999998,0.0999999999999996,0.00109244403813413,39.8,0.00132310709205075,-0.00258106776993472,0.00145070404153946,7.31188616407716,0.0387755432394155,0.0302151724651748,-0.51,-0.26,-1.72,0.6,0.25,-0.41,0.00154783940872694,0.00500172030728763,0.00119042689473048,-0.0194384896481266,0.00285821151863885,7.13409372119287
1980.08333333333,0.00141245089699638,0.00799677387793052,0.00539403574652075,0.246800000000007,0.3,0.00141068617998386,39.6,-0.00962394389049903,0.0047129782489268,0.0020608958231163,7.20117088328168,0.0283512358814244,0.0284018374034432,0.32,0.41,-1.4,0.0400000000000009,-0.0399999999999991,0.0800000000000001,0.000781647881532344,-0.00136652651158364,0.00243041395272581,-0.0472528848505456,0.0209660887585343,7.15461535691366
1980.16666666667,-0.00456617930994874,-0.00837777650559612,0.000270763583760214,-0.272000000000006,0,0.000913679384137112,39.7,0.0136408947255928,-0.000207050055089475,0.000345565724753083,7.20785987143248,0.0389085329186916,0.0109813982390268,1.86,1.61,-0.56,0.31,0.859999999999999,1.86,0.00190535766744571,0.0059068915922369,-0.00146392440056342,0.129677823308533,-0.00834391693209646,7.08924315502751
1980.25,-0.00530077784951999,-0.00818253277691294,-0.00407881125740683,-0.869799999999998,0,0.00122060528578594,39.5,-0.00417288235919466,-0.00370384791694001,0.00143960453465386,6.95368421087054,-0.0964383093985219,-0.037658001399967,0.870000000000001,0.34,-2.74,3.06,2.34,1.9,-0.00452070910110969,-0.00056502275193715,0.00108897582986245,-0.103009576226371,-0.0151581042422251,6.89568269774787
1980.33333333333,-0.00118536641925893,-0.0128197350643275,-0.0200630429249258,-1.83410000000001,0.600000000000001,-0.00159478265022095,39.5,-0.00273526709123439,-0.00242830760360402,-0.00701119745821543,6.95749737087695,-0.0163701296468552,0.00222025964018258,-1.63,-1.28,-3.42,0.419999999999998,-2,-2.52,-0.00187421898647688,-0.00870972093404543,-0.00389003161715973,0.0120462650985291,-0.0133516102980611,6.69456205852109
1980.41666666667,-0.00310269742156954,-0.00489145272852243,-0.0249085104965827,-2.5257,0.6,-0.00473330576049058,39.1,0.00262744689209393,-0.00352416382819154,0.00254905875000278,6.83195356556585,0.0446205959327068,0.0410573248436532,-1.89,-1.29,2.19,-6.63,-4.62,-3.91,0.00510203612016102,-0.0136138135293908,-9.77921886216038e-05,-0.0387145121806904,0.00060068688588899,6.75809450442773
1980.5,0.00239903014895582,0.00468188130132274,-0.0130064388579427,-1.3925,0.0999999999999996,-0.00353421853462343,39.2,0.00387627324302153,0.00342100937842549,-0.00145304435436966,7.08673793451058,0.0620982201182967,0.0146189455308137,-0.739999999999998,-0.4,3.24,-1.51,-1.51,-1.23,0.00441208156077888,0.00649152209661175,-9.58863268332166e-05,0,0.0136656303521221,7.01929665371504
1980.58333333333,0.00742156547856965,0.00855661646238248,-0.00705882148344017,-0.910600000000002,0.2,-0.00290095290164771,39,-0.00533396141328524,0.0078587791928113,0.00144791756576712,7.14598446771439,0.0443758814007094,0.0158419995718466,0.319999999999999,0.470000000000001,3.62,-0.440000000000001,0.99,0.49,-0.000510292315649252,0.00647323014992995,-0.00853290428837994,0,0.0206844600024567,7.13807303404435
1980.66666666667,0.00209343339393087,0.00118676768119608,0.00313064526309326,0.336500000000001,-0.0999999999999996,0.002878755343378,39.2,0.00383108517233088,-0.00469854672076231,0.000550592458436583,7.26961674960817,0.0304174703866833,-0.00118053812513286,1.31,0.85,3.54,0.58,1.07,1.59,-0.000303344598950872,0.00815351047220148,0.00602628011393236,-0.0387145121806904,0.00989050775774558,7.22037383672395
1980.75,0.00430417585598519,0.000207539618575669,0.0163657788171898,1.0642,-0.2,0.00126447507863681,39.4,-0.0026605666734536,-0.00676148419967415,0.000914265755665777,7.29369772060144,0.0240011520995429,0.0129098951183325,0.779999999999999,0.41,2.83,1.26,1.14,1.28,-0.00232616289674681,-0.000296143737291032,0.00114059834576796,-0.0153527090895853,0.00321712080034331,7.30249642372733
1980.83333333333,0.00859538288554162,0.0124034881766182,0.0126315442892762,1.17660000000001,0,0.00306580651083976,39.6,0.00247598455366349,0.00328972544341433,-0.00123239868058045,7.32843735289516,0.0288294216068934,0.00635159990745082,0.24,0.24,1.42,1.94,1.35,0.970000000000001,-0.00113518584722261,0.0059620696418321,0.00111172253884995,0.0540672212702757,0.0230378999979877,7.21964204013074
1980.91666666667,0.0024035541895131,-0.00278547628460046,0.0166035078210593,1.1769,0,0.0028360673842549,39.7,-0.000102552927014887,-0.00115292814009926,0.000135140279626356,7.31986492980897,0.0413748370663551,-0.00931283494520552,0.970000000000001,0.93,-1.21,3.04,2.11,1.66,7.88950828463086e-05,0.00705767981483429,0.00107969330483915,0,0.00815430983765708,7.23201033166476
1981,0.00483701442178486,0.00705124562352966,0.00663466685868297,0.121099999999998,-0.3,0.00215752188926288,39.8,-0.00258498025958387,-0.00221937368651659,-0.00163954809075362,7.30114780585603,-0.0163450890005192,-0.020338253780966,0.42,0.16,-3.76,3.05,1.76,0.73,-0.00441351794929812,-0.00936637849219224,-0.00126728882737304,0.0273989741881144,0.00121803428776701,7.13009851012558
1981.08333333333,-0.00322932979678292,0.000262363900232376,-0.00643089033029076,-0.567300000000003,0.3,0.000989141505890245,40,0.00117811320728922,0.00646752299936981,0.0030843930471347,7.34407285057307,-0.00375234961855053,0.0240072176632318,-0.48,-0.27,-4.05,0.18,-0.470000000000001,-0.800000000000001,0.00192479209244478,-0.0137341527094428,-8.57375573906083e-05,-0.000730727105953122,0.0232891399811397,7.1074254741107
1981.16666666667,-0.00279642180376172,-0.00250985101839607,-0.00427034335519583,-0.629599999999996,-0.0999999999999996,0.000790609359391681,39.4,-0.00497647304931892,-0.00225059847431819,0.000513230490738259,7.1276936993474,-0.035198736965893,-0.04633573150391,0.640000000000001,0.619999999999999,-0.56,-3.15,-0.23,0.49,0.00288826525922126,0.000799864342576839,-8.4171541650413e-05,-0.0266682470821613,0.0129274073378198,7.08924315502751
1981.25,0.00316056796705411,0.00291783587033256,0.00507524645287694,0.0233999999999952,0,0.00115185269022433,39.8,0.00608771716651191,0.00309987301709391,-0.00311630630943593,7.17472430983638,0.0367013668504281,-0.0274873690881494,0,-0.0700000000000003,0.64,-1.23,-1.43,-0.859999999999999,0.003681060261159,0.00194240215118313,-0.00233744043044481,0,0.00606080018567212,7.07580886397839
1981.33333333333,-0.00184451447967149,-0.00359014410512426,-0.00440649482983391,0.193399999999997,-0.2,0.000800030728781209,39.8,-0.00371572908612849,-0.00117931844160957,-0.0025986243553322,7.2152399787301,0.00896866998276025,-0.0256866545844829,0.58,0.56,-0.16,1.02,0.33,0.609999999999999,0.00271707822861611,0.00891743312538207,-0.00116756626709957,0,-0.00646771310175964,7.08170858610558
1981.41666666667,0.00298851115515042,0.000467740529474181,0.00571528159151757,0.159599999999998,0.3,0.000142404110242467,39.8,-0.00123920013575418,-0.00737440525794852,0.000123708378753307,7.03878354138854,-0.0202938193398134,-0.0407683635092594,0.640000000000001,0.42,-2.57,2.8,2.61,1.88,-0.0107056703909159,0.00437512817854824,0.00108395772225744,0,-0.00737631730724608,7.06731984865348
1981.5,0.0054892489474998,0.0067577665346934,0.00508193403358748,-0.589199999999991,0,0.00212270166035289,39.6,0.00356320579487823,0.00206492386817647,-0.000493182808125603,6.95177216439891,0.00454546237167452,-0.0564376037984905,-0.680000000000001,-0.629999999999999,-3.3,0.580000000000002,-1.57,-1.34,0.000649754538505576,-0.00481109799181745,0.00216764705314443,-0.0540672212702757,0.00911906504714644,6.88346258641309
1981.58333333333,0.0149057189907573,-0.00206326446646088,0.0065337407155317,-0.0555000000000092,-0.3,0.00121251195961847,39.7,-0.00125391151276144,-0.00312442276279601,0.00203296177490531,6.94793706861497,-0.0244847732683136,-0.0520455331334401,0.84,0.809999999999999,-2.87,-0.0600000000000023,0.219999999999999,0.860000000000001,0.00326213220791338,-0.00138452551663359,0.00211003993446468,0.0540672212702757,0.00775892372890929,6.84054652928869
1981.66666666667,0.00378108075339867,0.00632161014903776,-0.00124722412152778,-0.226500000000001,0.2,-0.000393086058149805,39.7,0.00112523986354329,-0.00103680229102476,0.000221211542190236,6.84587987526405,0.00386548606557735,-0.0289137629526136,0.770000000000001,0.66,-1.48,-1.22,0.56,0.999999999999998,0.000424713693187861,0.00279727776555649,-0.00336796329452316,0,0.015736478532336,6.7900972355139
1981.75,-0.00147772524143619,-0.00658345499291757,-0.00482756816124974,-0.474999999999994,0.199999999999999,-0.000961528029412406,39.4,-0.00123384395301107,0.00309012536057818,-0.00020132599554179,6.81454289725996,-0.0912290129338329,-0.00313626491632457,0.369999999999999,0.380000000000001,1.05,-1.95,-0.81,-0.199999999999999,-0.000463796543108685,-0.00924098717577859,0.00209289543940105,0,-0.00414719129727459,6.74170069465205
1981.83333333333,-0.0038172151690663,-0.00536835716688788,-0.00791713826261553,-0.989800000000002,0.300000000000001,-0.00106093842837396,39.5,-4.90175387577452e-05,-1.69352312076043e-05,-0.00151565163773837,6.7719355558396,0.0125999146970077,0.0142808763031479,-0.52,-0.17,2.03,-0.789999999999999,-1.16,-1.14,0.00233703328466461,0.00435698293887921,-0.00649689276869747,-0.0281708769666964,-0.0136070557869772,6.59441345974978
1981.91666666667,0.00114601756949817,-0.00190334020359817,-0.01169108287572,-1.1409,0.4,-0.00228977207812164,39.5,-0.00119974890872632,-0.00103772583523654,0.000831371167546724,6.72982407048948,0.0255473308906407,0.0330228766971645,-2.03,-1.76,3.08,-1.77,-2.68,-2.97,-0.000947843148180638,0.00347448291048469,0.00105634982560598,0.0563417539333928,-0.00159403079688047,6.61740297797448
1982,-0.000628710086019169,0.00613624343089558,-0.0106904281928966,-1.395,0.199999999999999,-0.00303186988697846,39.2,-0.00347552658864281,0.00100842149923874,-0.00227399000932671,6.8134445995109,0.00729634367850629,0.000420410957897355,0.219999999999999,0.33,4.18,-0.940000000000001,-0.00999999999999979,0.44,0.00284153533653608,0.00124127638517635,-0.00108032019822613,-0.0563417539333928,0.00426813741658094,6.67959918584438
1982.08333333333,-0.00223475447553234,-0.00177855575712238,-0.0208619331800022,-1.9974,0.0999999999999996,-0.00363716922514534,37.2,0.0193025268769964,0.00200773385888997,0.00284505394494206,6.73696695800186,-0.0539326045910657,-0.00913103750033561,1.05,0.869999999999999,3.88,0.850000000000001,1.43,1.47,-0.00266070523223139,-0.000923225549618323,-1.01640190344199e-05,-0.00523818516443297,-0.0108908702566701,6.67708346124714
1982.16666666667,0.00422283808527268,0.00903484975048308,0.0201582605211255,1.8818,0.300000000000001,-2.20838302205095e-05,39.5,-0.0295092033723887,-0.00709684535039035,-0.00291807014764167,6.76388490856244,-0.0241599326651354,-0.0208954829941628,-0.110000000000001,-0.16,2.4,1.56,1.2,0.41,-0.00613860977864178,0.00353151305951727,-1.00995195442266e-05,-0.0366394412494815,0.0260843906711763,6.69456205852109
1982.25,-0.000678972012202905,-0.00109956896405183,-0.00666629562989085,-0.672200000000004,0.0999999999999996,-0.00142543823204377,39.2,0.013558105809901,0.00101163387484426,-0.000439771929507504,6.83625927727707,-0.0328480486811111,-0.0228359182566276,-0.559999999999999,-0.57,2.14,-0.0999999999999996,-0.800000000000001,-0.780000000000001,0.00442652202720151,-0.00740256932279681,-0.00317292704057692,-0.0326399060532876,-0.00914558919454045,6.79234442747081
1982.33333333333,0.00695003532723071,0.000578871217322696,-0.00927524186261008,-0.7136,0.300000000000001,-0.00314535323328968,39,-0.00340067309846237,0.00202224538076745,-0.0020669988109967,6.82110747225646,0.0484462852114351,-0.0186179307775861,0.0199999999999996,0.00999999999999979,1.84,0.26,0.0199999999999996,0.0300000000000011,0.0029528838732551,0.010270741043481,0.00316289140850845,0.263538109464361,0.00461172236892793,6.78897174299217
1982.41666666667,-4.40387364797346e-05,0.00300474050175303,-0.00667941512157544,-0.264899999999997,0.0999999999999996,-0.000477096598919147,39.1,0.00559092425670027,-0.00202224538076745,0.00542202301365036,6.93244789157251,0.000859475772719165,0.0214389631543014,-0.25,-0.25,2.19,-0.49,-0.609999999999999,-0.640000000000001,-0.0033377478712735,-0.00608253143890813,0.00626619888034341,-0.0893288854792731,0.0109303083943537,6.8596149036542
1982.5,-0.00336403996531942,-0.0054382546524554,-0.00260656183285546,-0.177099999999996,0.199999999999999,-0.00268930884640817,39,-0.00450055596433563,0.00804833318282849,0.00130821379228152,6.80461452006262,-0.0592831680161527,-0.0303384918916377,0.68,0.680000000000001,2.77,-0.299999999999999,0.380000000000001,0.73,-0.000532888316508107,-0.00107490507951624,0.00197590632513833,-0.0957473515245302,-0.016114270305966,6.81673588059497
1982.58333333333,7.71253579880948e-05,0.00584205033732843,-0.00329203144358869,-0.191400000000002,0.200000000000001,-0.00383530957460643,39.1,0.00220370442386608,-0.00404832784948272,-0.00131862082686762,7.06133436691044,-0.00273847729330434,-0.0119713890683005,-0.359999999999999,-0.350000000000001,4.21,-1.56,-1.12,-0.83,-0.00281443199843068,-0.0030113608513016,-0.00626359711357161,-0.00206415825837691,0.0175664090726286,6.95081476844258
1982.66666666667,0.00197735758786521,0.000720658424697707,-0.00917080083528754,-0.748500000000007,0,-0.00176650836393755,38.9,-0.00223323619759608,-1.5936318471077e-05,-0.00282412953230571,6.95272864462487,0.00273847729330434,-0.00601088389392923,-1.07,-0.889999999999999,6.2,-2.47,-2.67,-1.81,0.00444484840084058,-0.00438501271790059,-0.00309221845548269,0.0201241803160537,-0.00490520416667195,6.83087423464618
1982.75,-0.000414601650343016,0.008950402560302,-0.00246872519043828,-0.197699999999998,0.299999999999999,-0.00201628780237151,39,-0.00221116123680343,-0.00299052695599666,-0.000318956302829854,7.04228617193974,0.109545002797041,-0.00756477276377276,-0.75,-0.720000000000001,5.32,0.190000000000001,-0.76,-0.58,-0.000324139692262193,0.0086167783197908,-0.0020491810449359,0.054465640528703,0.0135405753576503,6.94889722231331
1982.83333333333,-0.000621342093193533,0.00438847165031975,-0.00972758276604413,-0.9636,0.300000000000001,-0.00309955888558733,38.7,0.00109829242344572,0.00198117505786488,0.00283236731952208,7.06731984865348,0.0807965712599366,-0.00927182277408778,-1.45,-1.43,5.02,-0.6,-0.21,-1.53,-0.0010661420575051,-0.00987867039683188,0.00408580752258025,-0.0468967975189751,0.0115533876707374,7.04664727784876
1982.91666666667,0.00385964005734607,0.00801465611835095,-0.00325380011122167,-0.445700000000002,0.4,-0.0013618996663034,38.9,-0.00110192316053981,0.00097785719908039,-0.00259233889113419,7.22402480828583,0.0398871190770844,-0.0385229257709494,-0.42,-0.359999999999999,5.1,-0.510000000000002,0.36,-0.16,0.00139784990191583,-0.00451681318744956,-0.00510569542332551,-0.0452300497890739,0.0153915668245297,7.11395610956603
1983,0.00516649889329734,0.00425023509426614,-0.00709956659940714,-0.256,0,-0.000168959827387738,38.9,0.00437516966510954,-1.55613564842838e-05,-0.00149610355991125,7.17242457712485,0.00936943791117706,-0.00991356907560947,-0.16,-0.0100000000000016,5.19,-0.25,-0.13,-0.25,0.00425647253547901,0.0012326626855641,-0.00204603172108975,-0.0299874675551419,0.000173673246340655,7.2086003379602
1983.08333333333,-0.00110206371130772,0.00101063987715611,0.0184638031987663,1.5347,-0.4,0.00246398378496693,39.4,-0.00111616204521647,-0.0118266002345013,0.00313949472905417,7.36897040219479,0.0345469674534016,-0.02531780798429,-0.190000000000001,-0.0799999999999983,5.26,-0.27,-0.0800000000000001,-0.290000000000001,0.0159675558175207,0.00274467337674356,0.00511091010956211,0.0569653231032166,-0.00668643864785601,7.26262860097424
1983.16666666667,0.000731183927236145,-0.000252564229829222,-0.00629494237319239,-0.0944999999999965,0,-0.000820653533553539,39,0.00106276210038381,0.00887919646032831,-0.00295303175744799,7.43779512167193,0.0171766504005904,-0.0274747859246891,0.23,0.26,5.44,-0.17,0.249999999999999,0.300000000000001,-0.00877637070537851,-0.00248484016553174,-0.00102406135361921,-0.0576774604537724,0.00276057905235838,7.29369772060144
1983.25,0.00482103541230039,0.0104698380830857,0.00840465220384212,0.625500000000002,-0.0999999999999996,0.0019437443973338,39.3,-0.00650173334008075,-0.00197921837033199,-0.000415449854845651,7.38150189450671,0.0341512934213117,-0.0283852462325568,-0.18,-0.210000000000001,4.84,0.26,0.24,0.119999999999999,-0.00973504840127415,0.000711080020438182,-1.04123336264195e-06,0.0700267131530792,0.0262928266065821,7.29641326877392
1983.33333333333,0.000794077264151483,0.00611927536989443,0.0125800602606461,0.829700000000003,-0.100000000000001,0.00307082178395746,39.4,0.00216333174148264,0.00197921837033199,0.00326835169505113,7.29437729928882,0.0374720843672653,0.030470616815595,-0.0600000000000005,-0.109999999999999,4.49,0.0300000000000011,-0.139999999999999,-0.0599999999999987,-0.00254509295979677,-0.00464894316895759,0.00609035028175953,0.0647577758335736,0.00275572785427869,7.35627987655075
1983.41666666667,0.00510808937437091,0.00591742131551865,0.00601511751489836,0.796499999999995,-0.0999999999999996,0.00312835435683212,39.7,-1.16873698718933e-06,0.00197335594549131,-0.00172233879941519,7.48211892355212,0.0397815041270526,0.0232291756045562,0.00999999999999979,-0.0199999999999996,4.46,-0.17,-0.0200000000000014,-0.0800000000000001,0.000494908400376026,0.001121400803612,-0.00306982864549976,-0.0803865336811107,0.0166162287231124,7.41997992366183
1983.5,0.00136312853393328,0.00958591585137958,0.00610740982539015,0.547399999999996,0,0.00419670557226759,39.8,0.00107700100626706,-0.000992521143358793,0.000894550718661957,7.45760928971561,0.0139185302910629,-0.0155121372099836,0.600000000000001,0.469999999999999,4.39,0.35,0.6,0.76,-0.00204497015302429,0.00836818563757102,-0.00202631016530397,0.0529191941181564,0.0228063810422992,7.47816969415979
1983.58333333333,0.00282104109601278,0.00677197376298722,0.014783412088637,1.00150000000001,-0.699999999999999,0.0046104992507825,39.9,0.00214358375936952,-0.00197044398729851,0.00191029752687033,7.48717369421374,0.00359928402964727,-0.0134623045732724,0.58,0.530000000000001,4.02,0.389999999999999,0.290000000000001,0.539999999999999,0.000410322856944312,0.004010113410442,0.00200197028318883,-0.0117229728552708,0.00584381675885837,7.49276030092238
1983.66666666667,-0.00144767834708759,0.00264215192394968,0.0117589882838116,0.601699999999994,0.0999999999999996,-0.0034114982745006,40,-0.00322869573763818,0.00294840508429761,-0.00137051265600885,7.55485852104068,-0.027931384689178,-0.0163045296413399,0.42,0.469999999999999,4.08,0.190000000000001,0.26,0.33,-0.00104197462272282,-0.000504413377074187,-0.00101456665113364,-0.0132014641304341,-0.0150026254957236,7.44600149832412
1983.75,0.00674961815147412,0.00268889648430637,0.0144399949384293,1.32270000000001,-0.300000000000001,0.0123281377879305,40.1,0.0042723619971281,-8.66754337280895e-06,-0.000759578687786089,7.44424864949671,0.0291282729230238,-0.00266560200484989,-0.200000000000001,-0.199999999999999,4.1,-0.110000000000001,-0.34,-0.369999999999999,-1.9677160291387e-05,-0.00714371834030114,-8.98206730148843e-06,-0.0332555152178924,0.0189098467587971,7.36833968631138
1983.83333333333,0.00947174074305579,0.00797030082519168,0.00761678198420057,0.721599999999995,-0.399999999999999,0.00298741242166578,40.1,-0.00215155757972552,-0.0029397375409248,-0.00180898395732143,7.44716835960004,0.002985968178562,-0.00113503600902032,-0.15,-0.110000000000001,3.98,0.0300000000000011,-0.359999999999999,-0.35,0.0032250835107428,0.00562266937002498,0.000983627443184254,0.00263232016033399,0.0153886883175858,7.44775128004791
1983.91666666667,0.007853437261792,0.00226181227596456,0.00445010147308,0.319000000000003,-0.300000000000001,0.00387142990151368,40.1,-1.01640190339758e-05,-0.00195886448533322,-0.000277482759086567,7.48717369421374,-0.0150198077422852,-0.0136541552961248,0.130000000000001,0.15,4.27,-0.140000000000001,0.119999999999999,0.129999999999999,-0.00143006529209266,0.00152318526787276,-0.00100437799048159,0.00383608286655956,0.0129344438776222,7.41938058291869
1984,0.00870661396049499,0.0109175141671756,0.00500873867611551,0.126099999999994,-0.199999999999999,0.00385649971462598,40,-1.00995195437825e-05,0.00489572415864359,-0.000867375212956656,7.4312996751559,-0.00485437846479808,-0.0294138852062933,0.129999999999999,0.140000000000001,4.28,0.130000000000001,0.24,0.17,-0.000932811883298079,0.00100865151392604,-8.80525850011082e-06,-0.00139041410026985,0.00626875613119893,7.39449310721904
1984.08333333333,0.00329831567484717,0.0063161139305179,0.0197633049245929,1.2792,-0.300000000000001,0.00479171076320561,40.2,0.00314288342754665,0.00388245559874445,0.003791252189004,7.54802896993501,0.0120920457650282,-0.0184421359713417,-0.17,-0.16,4.09,0.0899999999999999,-0.0999999999999996,-0.209999999999999,0.00161041326594447,-0.0064841985232631,0.00391666888287912,0.0355847943480736,0.0224360825133409,7.50439155916124
1984.16666666667,0.00554010507115876,-0.0132811062068932,0.00438409689110442,0.734799999999993,-0.2,0.00520907382470348,40.7,-0.00526704267403977,-0.00294334142736208,0.00236483419277933,7.72312009226633,-0.0562397183228756,0.023936846370428,0.17,0.17,4,0.0299999999999994,0.19,0.139999999999999,0.00241150452415972,0.0149937842233712,-0.00199442644748693,-6.38707283902029e-05,-0.00118091848869994,7.59438124255182
1984.25,0.00590807025615092,0.00830492915827907,0.00488382046380442,0.235400000000013,0,0.00291554771179214,40.2,0.00104547380903064,-1.49651872334289e-05,-0.00343185322110395,7.41637847919293,0.000635525919070012,0.0096639117527571,0.48,0.48,4.08,0.32,0.43,0.550000000000001,-0.00146411396160495,-0.00176883306477027,-0.00196549746271479,0.0050197987548688,-0.00705736844235005,7.45298232946546
1984.33333333333,0.00629689287731416,0.00682935865564849,0.00589939284734475,0.224499999999992,-0.0999999999999996,0.00387777498115405,40.4,0.00103892022892182,-0.00289808128406577,0.000528615869586524,7.5234813125735,0.00126984144047615,-0.0241260354735145,0.35,0.31,4.02,0.379999999999999,0.17,0.31,-0.000289189319215843,-0.00137508125079311,0.00096002318225441,-0.0248881644726184,0.0183897929555084,7.48211892355212
1984.41666666667,0.00214996634785969,0.00561682358738391,0.00541288831118125,0.0981000000000023,-0.3,0.00325722785185967,40.3,-9.78604976831221e-06,-0.00192585474678708,-0.00253787848747766,7.48099216286952,-0.00636539386707646,-0.0224888498383202,0.800000000000001,0.779999999999999,4.42,0.0300000000000011,0.140000000000001,0.76,-0.00191512016274498,0.00332064582594338,-0.00194549670575839,0.00145371765841595,0.00650807414958265,7.46221493976819
1984.5,0.00741324005927524,0.00671941330078063,0.00366101105010896,0.198700000000002,-0.2,0.00404079520211553,40.3,0.0010260077645432,0.000962927373393541,0.000515376198980455,7.51914995766982,-0.0226034808930642,-0.00896477953012564,0.31,0.15,3.99,0.74,0.0399999999999991,0.42,-0.000663477013993052,-0.00881122208391183,-3.73404977249692e-06,-0.0150795653045011,0.0142017735977316,7.50328963067508
1984.58333333333,0.00222319352656264,-0.0040003666577495,0.00276631950516393,0.126099999999994,0.3,0.00327578119080663,40.3,-0.00311472230603549,0.00192492840958458,0.00179063539968682,7.45703208912238,-0.0131494333849442,-0.0422754831482383,-0.210000000000001,-0.200000000000001,3.92,0.17,0.25,-0.0500000000000007,-0.00119330512893878,0.000276628868136619,0.00191935785538355,-0.023104015978785,-0.0158412335809466,7.38087903556412
1984.66666666667,0.00650437394373249,0.00394885080373442,0.001029677519786,-0.0558999999999941,0,0.00256030821397424,40.2,0.00206291480335796,-0.00384985681916916,-0.000505463148542162,7.36897040219479,0.0843606133433861,-0.00516482995297907,-0.59,-0.639999999999999,2.99,0.41,0.350000000000001,-0.209999999999999,-0.000686571148281523,-0.00410822604258954,-0.000972160557826562,0.0585616898135815,-0.00555664130596512,7.33302301438648
1984.75,0.00762688046769711,0.00721209414181612,-0.00296548102836613,-0.519199999999998,-0.2,0.0032777270173856,40.2,-9.56535555740601e-06,0.00192492840958458,-0.00171016622681597,7.43720636687129,0.0102875339971691,-0.0442960136170654,-0.15,-0.200000000000001,3.05,-0.34,-0.100000000000001,-0.24,0.00315887269515791,0.00024047359165813,-8.25739966270334e-06,-0.0150889451252865,0.01408981679017,7.32843735289516
1984.83333333333,-0.00291607809519512,-0.00333009170901022,-0.000110205791058249,0.240600000000001,0.100000000000001,0.00298471733258232,40,-0.00103462187673431,-0.00192864090640565,0.0010012487509039,7.37148929521428,-0.00785739914387751,-0.0296479568962724,-0.469999999999999,-0.359999999999999,3.95,-1.31,-0.629999999999999,-0.68,0.000182460925800321,0.00278319567936158,0.0009437175784619,-0.0208868003853606,0.00483171151611117,7.30653139893951
1984.91666666667,0.00524529232525772,0.0143172568411845,0.00336314758163692,-0.0304000000000002,-0.2,0.00368455255030753,40.2,0.00204078272082064,0.00578221022239589,-0.000944964000912041,7.4318919168078,0.00906076872351047,0.0159430739885592,-0.73,-0.59,4.05,-0.56,-1.13,-1.08,0.00347157624415573,0.000265296121474634,-0.0019120187493904,-0.00465746901181241,0.018906094852511,7.40427911803727
1985,0.0067524330837152,0.00154174753467062,0.000322150798645282,-0.0567000000000064,0.0999999999999996,0.00130148022681453,40.2,-1.66939160068935e-05,-0.00385356931599024,0.00140484089891846,7.38523092306657,-0.0108828159934555,-0.0437953960674289,-0.26,-0.0700000000000003,5.02,-1.05,-0.549999999999999,-0.49,0.000987257249827067,-0.0047677560493522,-3.60748083227946e-06,-0.0763471735163321,-0.00423033628119818,7.39387829010776
1985.08333333333,-0.00108712701091385,0.00892560013055688,-0.000172044900483392,-0.376000000000005,0,0.00275354887999768,40,0.000996099984045262,0,0.00216369201776478,7.44483327389219,0.0422556168484354,-0.0510226517871971,-0.140000000000001,-0.119999999999999,4.91,-0.0300000000000011,-0.300000000000001,-0.31,0.000311335293413428,-0.0058358177929847,-3.59381612113907e-06,0.108110522226789,0.00752033456547352,7.41457288135059
1985.16666666667,0.000787397483673402,0.00372263112440585,0.00274734737722948,-0.560999999999993,-0.0999999999999996,0.00135839295029072,39.9,-0.00103316806369635,0.000961076479550904,-0.00034749240416021,7.39756153552405,0.052778205347388,-0.0306302659482432,0.200000000000001,0.129999999999999,4.73,0.15,0.51,0.27,-0.00194920457027248,0.00766154522531526,0.00376645251163943,0.0533288558422065,0.0106653518663595,7.41577697541539
1985.25,0.00423657229043961,-0.000998004074851178,0.00151029050721885,0.372799999999998,0,0.00350668853486091,40.2,-0.0030328527767054,-0.000961076479550904,-0.00072463941922063,7.49554194388426,-0.00832644277655437,0.0290319704561616,0.389999999999999,0.35,5.11,0.0800000000000001,0.25,0.57,-0.00413390443551087,0.00114437664093625,-0.000967751293517338,-0.0267865115983899,0.005072119108398,7.45414107814668
1985.33333333333,-0.00185214348866758,0.00271722362400117,-0.00217861034686351,-0.534499999999994,0.0999999999999996,0.00202186988621911,40.2,0.00301254915636617,0.00479157600989932,-0.0024609800487454,7.50714107972761,0.00666669135818942,0.0952051517900253,-0.51,-0.43,5.24,-0.31,-0.569999999999999,-0.719999999999999,-0.00124625249744792,-0.0109740657551001,-0.00282173324238144,-0.0149643274714637,0.0128415094010741,7.41697962138115
1985.41666666667,0.0021772144147949,0.011411156137962,0.00145293414162939,-0.0645999999999987,-0.0999999999999996,0.00281965712925825,40.1,-0.00301759956703984,-0.00192761223847082,0.000919459736929085,7.4265490723973,0.023530497410194,0.0085278071110286,-0.67,-0.58,5.18,-0.3,-0.47,-0.68,0.00203774315749516,0.00733338609152767,-3.49376101560495e-06,-0.061780618754363,0.00625021231684997,7.44366368311559
1985.5,0.00353703538409,-0.0053057068138278,-0.000485293429602685,-0.1815,0.2,0.00150946524802364,40.1,0.000999496321047122,-0.005727927542857,0.000353942199989632,7.42416528104203,0.0214026361143853,0.0257022570254996,-0.74,-0.69,4.87,-0.44,-0.53,-0.660000000000001,0.00370257043499844,-0.00115507406717708,0.000927184756220889,0.024370651379571,-0.00559091565953906,7.44775128004791
1985.58333333333,0.00145137441295162,0.00727275932908,-0.00474307743599534,-0.477800000000002,0,0.00193739905916068,40.1,0.000993506309125092,0.00381953001709689,-0.000266317214880907,7.42892719480227,0.0188783792203751,0.0751057342396018,0.0999999999999996,0.15,4.55,0.35,0.13,0.0600000000000005,-0.00264039439839703,0.00624154456236692,-0.000935862336391757,0.0243587959710867,0.00174723148653477,7.43661726523423
1985.66666666667,-3.84330531133514e-05,0.0100208586320218,0.00303720949554043,0.179199999999994,-0.300000000000001,0.00196431557677812,40.2,-0.00199899669005932,-0.00286761271729397,0.000848145158188096,7.46336304552002,-0.0220597180647326,0.00245949198054962,0.110000000000001,0.0199999999999996,4.6,0.0200000000000005,0.0599999999999996,0.19,-0.00102990426914573,-0.00378850692403798,-3.44849287881033e-06,0.00863837150629232,0.0142409746888301,7.49997654095212
1985.75,0.0045814730272884,0.0136467307156676,0.00337786063552148,-0.151499999999999,0,0.00209306557256284,40.2,0.00099353811827152,-0.00480905420145206,-0.00161515801471701,7.42416528104203,-0.0225573474240743,-0.0144819326820373,0,0.0399999999999991,4.56,0.0199999999999996,-0.04,0.0199999999999996,-0.000889744281769467,0.00348016038965948,-3.43572067240672e-06,0.00358943766742081,0.0277950838834933,7.55799495853081
1985.83333333333,0.00479230034261491,-0.0156672530871602,-0.00311466762762524,-0.268000000000001,0,0.00191565083699885,40.2,-0.000996508349132785,0.0172626453435409,-2.2627643443407e-05,7.51425465281641,0.0113422766039344,0.0411444758704354,-0.120000000000001,-0.129999999999999,4.37,0.0700000000000003,0.0600000000000005,-0.0600000000000005,-0.000349579593724059,-0.0113268435524132,0.00184159595427857,0.0241475011279522,-0.0294309594852287,7.46336304552002
1985.91666666667,0.00153733802276257,0.00265261827662222,0.00351174239400542,0.399000000000001,-0.0999999999999996,0.00213549268650759,40.1,0.000990585576169156,-0.00483810715659327,0.00124110402588151,7.43720636687129,0.0589172194982099,0.0126526451138212,-0.41,-0.460000000000001,3.94,0.0600000000000005,0.0800000000000001,-0.13,-0.000748278913675016,0.0102214717040923,0.000904260913277,-0.000945424647314397,0.00481341428072035,7.43366654016617
1986,0.00609321925614204,0.0109974883877979,0.00958381144779263,0.132899999999992,0,0.00168483485849613,40.3,0.00492948014977168,-0.000975296317924368,0.000443999801029271,7.57147364885127,0.0484284351005577,0.0035363903304601,-0.549999999999999,-0.52,3.31,0.219999999999999,-0.140000000000001,-0.21,0.00179169517513778,-0.00442511196090134,-2.10422212170158e-05,-0.16594993211373,0.012422839606133,7.49220304261874
1986.08333333333,-0.000646905755964156,0.00100908182124515,0.00552032937293578,0.836200000000005,-0.3,0.00124657335199352,40.4,-0.00987073167456254,-0.00945628239189134,0.00124244709781607,7.58680353516258,0.00433213673913446,-0.014151015131713,-0.0500000000000007,-0.0700000000000003,3.3,-0.129999999999999,-0.0299999999999994,0.0600000000000005,-0.0017500080908972,-0.000650394075231375,-0.000930354874391526,-0.0474549844728367,0.00964283500021068,7.52131798019924
1986.16666666667,0.00492516697260825,-0.00247646881311558,-0.00704382287145755,-0.517200000000003,0.5,0.00116409145695151,40,0.00394380379218928,-0.00863083609925219,-0.00459121413944663,7.52185925220163,0.0523973916602607,0.00371395963149573,-0.34,-0.49,3.25,-0.28,-0.0100000000000007,-0.12,0.000302434681485941,-0.00108744777275049,-0.00546780628141175,-0.224863170221265,-0.00936189659657316,7.4770384723197
1986.25,0.00939556177122292,0.00341256249083255,-0.00714837166359228,-0.346499999999992,0,0.000879761004458857,40,-9.72577685942611e-07,0.000792354695339448,-0.0021948742839828,7.53689712956617,0.057133091935234,0.0260274952447754,-0.88,-0.919999999999999,3.02,-0.38,-0.5,-0.58,0.00369929900329602,0.00562879428670104,-0.0036629803137691,0.194042274022167,-0.00696152651847193,7.48436864328613
1986.33333333333,0.00329347319716788,0.00614680066463658,0.00143267802527713,0.33659999999999,-0.100000000000001,0.00188836490438327,40,-9.70662219490492e-07,0.00769094253637448,0.000152454092450238,7.56682847920833,0.0242410338951116,0.020972480476824,-0.41,-0.48,3.2,-0.49,-0.5,-0.59,0.00169728047263362,-0.00334966576813844,0.00181137573029932,0.219952659038861,0.00635698558861719,7.52725591937378
1986.41666666667,0.00108501851875431,0.00599074655103982,0.00147598287205764,0.0227000000000004,0.100000000000001,0.00128044217949252,40.1,0.000981832309500774,0.00975136012696787,0.00386901233831605,7.5251007461258,0.00209863665692112,0.0149691495609793,0.47,0.41,3.44,-0.140000000000001,0.0900000000000007,0.21,0.000796956613053013,-0.00297317700784028,0.00642918681384064,0.166124302251663,0.01441745212413,7.49387388678356
1986.5,0.000285292238894286,-0.00225420385653852,-0.00403733946212714,-0.402699999999996,0,-0.000937485892968937,40,-0.00196656897204051,-0.00196164206163463,0.00189481609659392,7.52131798019924,0.0281126409360475,-0.00831797771858145,0.12,0.0899999999999999,3.42,0.0700000000000003,0.0599999999999996,0.0800000000000001,-0.00271608183389027,0.00533015249592594,0.000906919656757488,-0.32094008713783,0.00105725095422926,7.4899708988348
1986.58333333333,0.00473690976226315,0.00655864264871564,0.00651238643060648,0.385500000000008,-0.2,0.00320196821892083,40,0.00196270916784869,-0.0107037560671825,-0.00346729105489185,7.48549160803075,-0.0210100416185606,-0.000928505173485028,-0.58,-0.5,3.6,-0.36,-0.38,-0.460000000000001,0.000473019286413745,-0.00340383890525064,-0.00274934849006225,-0.014713318859068,0.00340747236776195,7.48436864328613
1986.66666666667,0.00210558763222224,0.00477934728868101,-0.00185661719812735,0.0855999999999995,-0.0999999999999996,0.00115542484759601,40.1,-3.84468251546366e-06,0.011692162042265,0.00099598063819295,7.49942329059223,0.0197863008988444,-0.0140320356611071,-0.26,-0.13,4.01,-0.39,-0.3,-0.34,-0.000709780816610106,0.00084310989849179,-8.3401131512062e-07,0.416860350774146,0.0101781200297548,7.45356187164337
1986.75,0.000911732521242214,0.0216770990108892,0.0025494743751624,0.101299999999995,0.0999999999999996,0.00346829268790216,40.2,-0.00195886448533322,-0.00195691807144094,0.00202399303073042,7.43070708254597,-0.0277278264400307,-0.0110289016697528,0.12,0.28,4.31,-0.28,-0.32,-0.16,0.000468372261919647,0.00107383422201757,0.0027301660211414,-0.277248688451185,0.0570954431992785,7.4301141385618
1986.83333333333,0.000251385004546023,-0.0149821607337386,0.0042533405515881,0.171599999999998,0,0.00186948643586327,40,0.00293112080885871,0.00386844395992902,-0.00148566846867038,7.42714413340862,-0.00378390192912903,-0.0299725495458403,-0.0899999999999999,-0.0200000000000005,4.39,-0.04,-0.0300000000000002,-0.0499999999999998,-0.000696129674535584,-0.00507226304403741,-0.00182646035210343,0.007832706855607,-0.0427536277654958,7.42356844425917
1986.91666666667,0.00158660178389702,-0.00331845786054474,0.00399860716495581,0.145399999999995,-0.0999999999999996,0.0018659979769442,40,-8.5663662567903e-06,-0.00678062049651462,-3.19274551285886e-06,7.39203156751459,0.0319198083584995,-0.00182443387915771,-0.0700000000000003,-0.18,4.03,0.19,0.17,0.0800000000000001,-0.00216106557678941,0.0123420442811675,-3.29380221675279e-06,0.0277200913093005,-0.00465126621635825,7.40488757561612
1987,0.00351317863108136,0.0218109639410651,0.00943953913952367,0.606400000000008,-0.300000000000001,0.00200182322335429,40.1,-0.000978919234031039,0.00289901838214845,-0.000409673633979146,7.5137092478397,0.0141788885425438,0.0108275305988522,-0.0899999999999999,-0.14,3.06,0.87,0.180000000000001,0.0700000000000003,0.00467664620688968,0.0165815802873448,0.00180340334600704,0.031950316585144,0.0441802712067165,7.55118686729615
1987.08333333333,-0.00165044468484155,-0.0254223460523924,-0.00349373468240444,-0.462100000000007,0,0.00168002942287693,40.4,-0.00291498059820272,0.00288227804448749,0.0033180640807382,7.48099216286952,0.061996072221743,0.0449017593318066,-0.0300000000000002,-0.0300000000000002,3.29,-0.48,-0.100000000000001,-0.0899999999999999,-0.00402407529479909,-0.0113079627918866,0.00178391270981226,0.0932687051524943,-0.0667186777347073,7.43248380791712
1987.16666666667,0.00294947433596882,0.0188043707056029,0.0130949117680599,0.976900000000001,0,0.00239090973382794,40.7,0.000971345389631839,-0.00193694596792593,-0.00119260660726406,7.48661331313996,0.0601574828118441,0.0149010471260342,0.15,0.17,3.55,-0.33,0.16,0.18,-0.00450038482491166,-0.0203377684974173,-0.00181631995218545,-0.199975655433003,0.0486273350969348,7.4318919168078
1987.25,0.00224982382448502,0.00119815682536517,0.00144719479649869,-0.150099999999995,0,0.0024247474556276,40.4,0.0038797332855891,-0.00192030387128828,-0.000854545354546765,7.45356187164337,0.0404659325617134,0.0412198211359146,0,0,3.48,0.0300000000000002,0,0.0700000000000003,0.000942913370622911,0.00423150190358257,-1.28008602171548e-05,0.0832770801078691,0.00676221119415388,7.44073370738926
1987.33333333333,-0.000728778220279835,0.00473248603165244,0.00631111423113584,0.243600000000001,-0.3,0.0033059838758529,40.2,-0.0038797332855891,0.00476781052171305,0.00108120601236328,7.38647084882989,-0.0110004546898219,0.0241977310798765,0.78,0.77,3.67,0.24,0.0499999999999998,0.47,0.00281713385243698,0.000664948363392703,0.000874995589536631,-0.0138452643148681,0.00815699364674849,7.37838371299671
1987.41666666667,0.00599273140875134,0.000595715448937995,0.00630276676266917,0.338700000000003,0,0.00225363851183324,40.5,0.00289995369978957,-0.00477418405733587,-0.00119315667625619,7.39510754656249,-0.000691562959788783,0.0214083800058495,0.69,0.59,3.66,0.48,0.0200000000000005,0.5,-0.00319413488994424,0.00185901558378632,-0.00178803029052421,0.0222787287291806,-0.000180895349869203,7.3132203870903
1987.5,-0.00094774556435695,0.00418291104641844,0.00516602930283394,0.0969999999999942,-0.0999999999999996,0.00168935550028593,40.3,-0.000971312793383472,0.00189663019180752,0.00124577445342311,7.37400185935016,0.0416656371700945,-0.0229420755919029,-0.24,-0.209999999999999,3.79,-0.119999999999999,0.00999999999999979,-0.2,-0.00126416487008818,0.00135230903897643,0.00175662054250658,-0.00919035566436399,0.013725437518298,7.32778053842163
1987.58333333333,0.00339089970492523,0.00484670156337685,0.00679706547396641,0.411000000000001,-0.100000000000001,0.00339951441050879,40.4,-0.0038572818128122,-0.000953712652441041,-0.00146977234884771,7.36201055125973,0.028456539914008,-0.0122306793638204,-0.00999999999999979,0.0499999999999989,4.03,-0.15,0.0200000000000005,-0.12,0.000971669388095009,-0.00764221378260288,-0.00177533343834391,0.0324702070979157,0.00657306988905759,7.32383056620232
1987.66666666667,0.00526753189886264,0.00762059202654086,0.00747808153783769,0.234700000000004,-0.0999999999999996,0.00169055139521745,40.4,0.00674328670194679,-3.58022890178944e-06,0.00163530138113721,7.38087903556412,0.0603779916371368,-0.00585927001971998,0.31,0.31,4.07,0.15,0.35,0.350000000000001,0.00172051748060564,0.00347767731035908,0.00174436433776215,-0.115801701437079,0.0185034201324896,7.32052696227274
1987.75,0.000882138800989196,-0.00471927986851339,0.00393177401290679,0.397800000000004,-0.0999999999999996,0.00221391147984029,40.1,-0.00193694596792549,0.00093849646930888,-0.00057871939876275,7.43543801981455,-0.0330225963202491,0.0277435955641319,0.619999999999999,0.66,4.09,0.489999999999999,0.36,0.64,0.000739527893476755,0.0117180584774594,-0.0008905957739751,0.0143542611764937,-0.0132682288883696,7.32251043399739
1987.83333333333,0.00658923455956995,-0.000611295399227885,0.0132334951092075,0.995799999999988,0.0999999999999996,0.00477197980169031,40.5,-0.00192030387128783,-0.00471387089624908,-0.000198477625343862,7.32317071794347,-0.128746587520384,0.0105245028785984,0.140000000000001,0.0999999999999996,4.33,0.0700000000000003,-0.27,-0.0800000000000001,0.00140577783348572,-0.00950960574048043,-0.000881349106634843,0.053948701742748,-0.00341783541629681,7.27724772663148
1987.91666666667,0.00487024134224789,0.00117697666424155,0.00486594604352852,0.301600000000008,-0.2,0.00226623505058754,40.4,0.00381588279633016,0.0018850146957714,-0.00127973135839721,7.4121603349452,-0.13424542335818,0.0660040532188255,-0.73,-0.66,4.54,-0.6,-0.44,-0.63,-0.00399485448311854,-0.0042416512501946,0.000860121482824105,-0.0642400183517871,0.00377813928165338,7.2841348061952
1988,0.0112516064655743,0.00761676658760013,0.00559254657894304,0.43549999999999,-0.0999999999999996,0.00279182727113714,40.5,-0.0057261135079294,-0.00188857468786807,-4.08600089811806e-05,7.24422751560335,-0.0164612770540726,0.0296342644063272,0.0999999999999996,0.130000000000001,4.52,0.0799999999999992,0.0799999999999992,0.21,0.00120155231188601,0.00549069241415001,-0.0017406235464712,-0.0450456126642513,0.0124008507637505,7.20414929203594
1988.08333333333,-0.000827898019290174,0.00853903614827134,-0.000197008289057443,-0.285699999999991,0,0.000887114717748716,40.3,0.00665627226914145,0.00754363217121323,0.00202361251297312,7.14755927118945,0.0386619870342644,-0.0153734741146392,-0.27,-0.32,4.24,0.0600000000000005,0.04,-0.18,0.00474540100249587,-0.00121732635201965,0.00172263270380935,0.0882201212961209,0.00337061977958619,7.12608727329912
1988.16666666667,0.00449682373685434,0.000934413167570369,0.00499927134064215,0.197099999999992,0,0.00443340294452099,40.4,-0.00760097129006088,-0.00659534904298731,-0.00238653304386371,7.29505641646263,0.0298881861996492,-0.0239959815088289,-0.47,-0.459999999999999,4.04,-0.25,-0.149999999999999,-0.350000000000001,0.000642615550122017,-0.00115789015645351,-0.00173158155664055,-0.0185785400077267,0.00672982901574493,7.27100853828099
1988.25,0.00265268907877569,0.00863524983265496,0.00246482242494661,0.181300000000007,0,0.00263532540648548,40.4,0.00474248590842263,0.00375851794348403,0.00194078552781018,7.33432935030054,0.0290207460411995,0.0416634104226268,0.12,0.159999999999998,3.99,0,0.04,0.0700000000000003,-0.000997801239162932,0.0025924627343068,0.000855775276497717,-0.00994559103933046,0.0170748727440113,7.32974968904151
1988.33333333333,0.00258640328285509,-0.00410905009734597,0.00578437901264195,0.703900000000004,-0.3,0.00232290362121113,40.4,0.0028207854034461,0.000927096346320155,0.0014243180404816,7.36073990305828,-0.0117358908970724,0.0243599025308083,0.359999999999999,0.350000000000001,4.03,0.29,0.21,0.3,-0.000152379689568605,0.00582196200647012,0.00341217554921247,0.130576319023789,-0.00452634831357024,7.26473017792987
1988.41666666667,0.000982304847850557,0.00646523065339677,-0.00201827308318769,-0.251900000000006,0.199999999999999,0.00219367356465838,40.5,-0.00284486119403615,-0.0018779085553664,-0.00194766923922396,7.2591161280971,-0.0250639686632157,-0.0046428559533449,0.390000000000001,0.369999999999999,3.95,0.22,0.35,0.390000000000001,-0.00165221424227635,0.000445967629518762,-0.00343414769585593,-0.122094369417282,0.00887093688580443,7.27517231945277
1988.5,0.00354907640598334,0.00327181592028314,0.00289692739416747,0.1494,-0.199999999999999,0.00346192234975007,40.5,-7.93496502682345e-06,0.000927184756220889,0.00134421089529191,7.29844510150815,0.055443203414776,-0.0508570218369507,-0.0899999999999999,-0.17,3.49,0.42,0.2,0.0899999999999999,-0.00101378758843573,-0.00241003924339545,0.00168983444015058,-0.0287234655982425,0.00478581864673089,7.3031700512368
1988.58333333333,0.00447088661268147,0.00240858447949144,0.000146911432258534,-0.0825999999999993,0,0.00212447205229438,40.5,-7.89044900573188e-06,0.00554264250681147,0.000600279333569098,7.29097477814298,-0.00592813888739574,-0.0411902335561117,0.17,0.140000000000001,3.36,0.24,0.27,0.26,-0.001238561369858,-0.000613698726417589,-1.79547719305617e-05,-0.0109911073184845,0.00282850514051525,7.27170370688737
1988.66666666667,0.00263909552373853,0.00456038931729363,0.00500167927823725,0.0952000000000055,0.199999999999999,0.0011741091376436,40.3,-0.00187177974461017,-0.00465399602153127,-0.00188842769520825,7.30854279753919,-0.0202709643736192,-0.00505645479982109,0.279999999999999,0.199999999999999,3.2,0.26,0.329999999999999,0.42,-0.00136301189615473,-0.00711331163425744,-1.78035731774884e-05,0.0661421586560764,0.0057272221994431,7.28619171470238
1988.75,0.00195380661916644,-0.00279049668759423,-0.00312963335887328,0.234699999999989,-0.199999999999999,0.0032028446696728,40.3,0.00279112790798397,-0.00184669760899592,0.00190494131796815,7.30787278076371,0.0161748871516156,-0.0073953894220129,-0.25,-0.279999999999999,2.71,0.18,0.180000000000001,-0.0800000000000001,3.11758420519226e-05,0.00054372683402093,-1.76542763075105e-05,-0.072193250024108,-0.00326971800040887,7.26961674960817
1988.83333333333,0.00555642130316159,0.00815337118110993,0.0043015363906127,0.303300000000007,0,0.00247775564963248,40.6,0.000911677826496149,-3.3667256396086e-06,-0.00160431207300959,7.32778053842163,0.0344735273698742,0.032023304312365,-0.18,-0.18,2.11,0.110000000000001,0.109999999999999,0.0199999999999996,0.00117827002866111,0.00469344773384606,-0.000851187598133407,0.0231704803356698,0.0208405249864754,7.32383056620232
1988.91666666667,0.000285744251721454,0.0025303055271757,0.00241575558772045,0.229799999999997,-0.100000000000001,0.00320348993740183,40.5,-0.00278764755569672,0.00182313012144952,-0.000942821976376962,7.35819375273303,-0.0233416870010297,0.0393025522775157,0.279999999999999,0.16,2.13,0.0499999999999989,0.41,0.370000000000001,0.00217541905939278,-0.00276422773295248,-1.1129714737379e-05,0.0602360069023891,0.0083007428995181,7.3185395485679
1989,0.00504077996694541,0.00542824010816156,0.00451930917807708,0.318399999999997,0,0.00263213509340154,40.3,-3.41038821272122e-06,-1.33199246095117e-05,0.000799576405439595,7.35436233042148,0.0200920000826885,0.00952047473882778,0.300000000000001,0.149999999999999,1.89,0.41,0.31,0.51,-0.00233141751385713,0.00269392447642502,-1.10558243129333e-05,0.138774450862962,0.00713352489356645,7.31388683163346
1989.08333333333,0.00895464172214311,0.00178144129187263,0.00294534913247801,0.560699999999997,0.100000000000001,0.00245726769102461,40.4,0.000916142467759062,0.00630733957466667,0.00200248342767928,7.39079852173568,0.0316808840803464,-0.0289504869194397,0.0600000000000005,-0.0199999999999996,1.53,0.359999999999999,0.199999999999999,0.0600000000000005,-0.00151019880502901,-0.0036789078688324,0.000814440408875683,-0.0513140908033378,0.00729158645278005,7.2902928824466
1989.16666666667,0.00291460451084014,-0.00210372737727482,-0.00443499684193061,-0.950999999999993,-0.2,0.00247917065486014,40.4,-7.60302414537506e-06,-0.00277541218087318,-0.00179748232556687,7.26192709270275,0.0296880622959454,-0.0115110000570554,0.119999999999999,0.0800000000000001,1.25,0.24,0.26,0.199999999999999,-0.0010034731780415,0.0151050065345402,-0.000839049634874911,-0.109118628913011,-0.0134733782009704,7.23201033166476
1989.25,0.00519817047251792,-0.000644883943243357,0.00249760842958135,-0.224500000000006,-0.2,0.00180424884330499,40.5,0.000906098000347022,-0.00360667224577682,0.000395364336925219,7.25981961036319,-0.0044315736408409,-0.0230770596245417,0.24,0.19,0.82,0.49,0.290000000000001,0.32,0.00233626577722745,-0.0188006597134907,0.00162718130857531,0.0957007033737192,0.00571247373216544,7.10167597161944
1989.33333333333,-0.00394592937563409,0.00591730388981615,-0.000149680721643897,-0.0249999999999915,0.2,0.00157837107768266,40.5,-0.00274683116017016,0.0035302749511601,0.00292093187990972,7.19967834569117,0.0322717080875723,-0.00738097194226006,-0.209999999999999,-0.18,0.77,-0.00999999999999979,-0.17,-0.210000000000001,-0.000405373206774584,0.00570600942750765,0.00241590924748447,-0.00809648163738652,0.0185273398156429,7.22693601849329
1989.41666666667,-0.00432808066612012,-0.00117638265248088,-0.00570129548713005,-0.828400000000002,0,0.00113117988548161,40.3,0.000910329304155244,0.000827543894742711,-0.00299410718032345,7.19368581839511,0.0376545620624951,-0.0420893581204521,-0.390000000000001,-0.32,0.65,-0.0299999999999994,-0.220000000000001,-0.379999999999999,-0.000236799999958848,0.00383889856655895,-0.00247574024487829,-0.12792981321362,0.00664927960536765,7.23056315340929
1989.5,0.0027962573914575,0.00196698943091356,-7.60861911217603e-05,-0.0789000000000044,0.0999999999999996,0.00105584894499167,40.3,-3.31784452889394e-06,-0.00792606527242068,-0.00146013797429134,7.24208235925696,0.0307426970842908,-0.0488208263185445,-0.620000000000001,-0.58,0.5,-0.280000000000001,-0.279999999999999,-0.540000000000001,0.0035366032739077,-0.00856995501517321,-0.00163383339591583,0.0477456403433312,0.000300571386217641,7.18690102041163
1989.58333333333,0.00330055484360336,0.00296454495975329,-0.00969395968925557,-1.1878,-0.0999999999999996,0.000388716131061173,40.4,0.00361988657883172,-0.00175592670226532,0.000204111073365709,7.26332961747684,0.0250165577937302,0.0464263508843825,-0.459999999999999,-0.26,0.63,-0.289999999999999,-0.27,-0.55,0.00266104556560087,0.0108273794491272,-1.03891179179527e-05,-0.0168615415237103,0.00498720185940194,7.15695636461564
1989.66666666667,0.00218017074220356,0.00955870150877702,0.00975062016915285,0.563400000000001,0,0.000471809397758705,40.4,-0.0036330380708689,-0.00176520369631294,-0.002265337224574,7.19443685110033,0.0433376585555765,-0.019929264279143,0.26,0.0899999999999999,0.89,-0.25,0.0200000000000005,0.29,-0.000877262667399847,-0.00388007166251114,-0.00321802369420077,-0.0406024392967206,0.0155236337937676,7.19593722647557
1989.75,0.00276533437495985,-0.00187908465776276,-0.00313896658954693,-0.3917,0.0999999999999996,0.00230034883805352,40.3,-3.25822579805291e-06,0.00879818749942185,0.00210310846585315,7.15383380157884,0.00201758246852268,-0.0146550535163043,0.0800000000000001,0.0800000000000001,0.89,0.0299999999999994,-0.15,0.0400000000000009,-0.00131152881914787,-0.00372020504343684,0.0024067400305654,0.115076915603294,-0.000977432385594668,7.18083119904456
1989.83333333333,0.00479294983794176,-0.000676489889021248,-0.00134875812841795,-0.423299999999998,0,0.000986880109611121,40.4,0.000895629970014244,-2.77012146998601e-05,0.00167411873223156,7.25134498337221,0.000287894056976157,0.0100668804191529,-0.2,-0.18,0.97,-0.18,-0.11,-0.23,0.00109029563357232,0.000644397360202831,0.00238943223292765,-0.0312156255008014,-0.0111132460613881,7.21890970761906
1989.91666666667,0.00101263069035085,0.000486273358631273,0.00337335244121473,-0.03840000000001,0.100000000000001,0.00254111024837123,40.3,0.000888390824490326,-0.00350567628131682,-0.00172220237423826,7.2086003379602,-0.020943173845243,-0.00936715709935942,-0.16,-0.14,1.26,-0.289999999999999,0.0500000000000007,-0.220000000000001,-0.000813784330278011,-0.00308083573034601,-0.00081685941201215,-0.0386289813677529,0.00870576388796529,7.20340552108309
1990,0.000829516596065005,0.0082516360934286,0.00546922829010921,-0.209099999999992,0,0.000772101441006257,40,-1.28237906960038e-05,0.00433536647155464,0.000718262792864799,7.13169851046691,0.0243914531241591,0.0150834325974211,-0.0599999999999996,-0.0300000000000002,1.37,-0.100000000000001,-0.0600000000000005,-0.0499999999999998,-3.75497157545368e-05,-0.00333375893067256,-0.000807224545336993,0.0755930541124359,0.0025816153808158,7.25981961036319
1990.08333333333,0.00256570520906685,0.00497690326975286,-0.00507063276692499,-0.245900000000006,0,0.00330227055798815,40.4,0.00176346696465668,0.012789438228002,0.00464782981424605,7.34665516317654,-0.0250677546627935,0.0336885631324069,0.369999999999999,0.370000000000001,1.71,-0.219999999999999,0.00999999999999979,0.2,-0.00158320114534405,-0.000617773510049879,0.00628424693589213,0.00904563423248916,0.0308471473889735,7.46622755621548
1990.16666666667,0.00310105354894574,-0.00506076071215,0.0090406409731596,0.886300000000006,-0.100000000000001,0.00219547089540306,40.1,0.00173532490811068,-0.0197184631060887,-0.00314635075923331,7.27031288607902,-0.0284020165066652,0.0268292015905497,0.300000000000001,0.26,1.9,0.00999999999999979,0.100000000000001,0.19,-0.000617846957931434,0.00455736032386422,-0.00554243592090042,-0.094881151650569,-0.00777026920425605,7.19218205871325
1990.25,0.000968367511841706,0.00336971969288191,0.00496920299174874,0.207799999999992,-0.0999999999999996,0.00186236793590489,40.2,-0.00267780440268872,-7.23078607656191e-07,-0.000628887910056442,7.16162200293919,0.023950555063478,-0.0431314217686383,0.18,0.119999999999999,1.93,0.0399999999999991,0.16,0.24,-0.000485307047888739,0.00151613260385552,0.000762648562766088,-0.055699781224368,0.00382097376591339,7.1276936993474
1990.33333333333,0.00635642833463379,0.00189961334247712,-0.0026232502058825,-0.563599999999994,0.2,0.000310057727936908,40,-0.00615153817530301,-7.24309904498455e-07,-0.00166938029884367,7.12929754892937,-0.000827618869656099,0.00778738950909286,0.17,0.199999999999999,2.04,-0.0199999999999996,-0.130000000000001,0.0500000000000007,0.00017574912714835,0.00159241691368806,-0.00234644974227827,-0.0147008253035099,-0.00733476368662345,7.0352685992811
1990.41666666667,-0.0010782677040222,-0.000709323460362565,0.00303690331972906,0.0635999999999939,0,0.00140317651107935,40.1,0.00526470223194409,0.00170285238043455,0.000147414061309803,7.10002716662926,0.0350688871068332,0.0242575099320632,-0.0299999999999994,-0.0299999999999994,2.23,-0.0800000000000001,-0.0299999999999994,-0.0800000000000001,-0.00391081319711084,-0.00610412884306921,-0.000779710234168896,0.0754826217432769,-0.00201813795061945,6.97260625130175
1990.5,0.00165867154114707,0.00316719717996872,0.00338583502695045,0.0706000000000131,-0.2,0.000200293157018194,40.2,-1.22684709498166e-05,-7.24309904498455e-07,0.00216349163894591,7.07072410726028,0.0285395931842762,0.0194238181553348,-0.31,-0.279999999999999,1.93,0.109999999999999,-0.00999999999999979,-0.220000000000001,0.00439702171617817,0.00425086477758629,0.00462723791650266,-0.0591154530264313,0.00881166846692416,7.01031186730723
1990.58333333333,0.00339489711835483,0.00203670290908864,-0.00174887315553374,-0.362800000000007,0.3,-0.000318667063904599,40.1,-0.000882126484658574,0.00169707019848619,-0.00194383336089743,7.06561336359772,-0.000999417089933452,0.0565475482113871,-0.0999999999999996,-0.00999999999999979,2.05,-0.139999999999999,-0.11,-0.159999999999999,-0.000729650958657402,-0.00487321141883168,-0.00156932273776267,0.177462661550483,0.00341203918233468,6.98286275146894
1990.66666666667,-0.00627406640007244,0.000311374513398466,0.0034867499970046,0.124499999999998,0.2,-0.00189589067917417,40.1,-0.00348508154331473,0.00841817500912523,0.00416262436662507,7.01660968389422,-0.0848245583163942,0.0493215207985074,0.109999999999999,0.279999999999999,2.28,-0.0199999999999996,-0.17,-0.16,0.00205754570524697,0.0031952398171029,0.00378548904227394,0.277451790699042,0.00492169474405202,6.97447891102505
1990.75,-0.000338056945658138,-0.000477480572498745,7.6251114018433e-05,-0.304599999999994,0.2,-0.000775798769339531,40.1,0.00608357115777691,0.00153942638431204,-0.000506612094850034,7.01211529430638,-0.0474894231982939,-0.0115852857665758,0.0700000000000003,0.140000000000001,2.44,0.0699999999999985,-0.0899999999999999,-0.0200000000000005,-0.00153356691429529,-0.00216222795612975,-0.00157816559340862,-0.162206753982288,0.00329995969806873,6.88346258641309
1990.83333333333,-0.00814490331699602,-0.00560143894858989,-0.00585965314367698,-0.631500000000003,0,-0.00132481209331914,39.8,-0.00261659006290138,-0.00261246508849577,-0.000415393228166749,6.92165818415113,-0.0266348291042293,0.0346178358228834,-0.18,-0.17,2.63,-0.0899999999999999,-0.19,-0.21,-0.00243588877951773,-0.00148431522584325,-4.61384798127185e-05,-0.150613457543621,0.00364889913632283,6.82979373751242
1990.91666666667,0.000134310136754578,-0.000919213719225542,-0.0127971437648062,-1.1084,0.3,-0.00141812200400082,39.9,-0.00259628012563162,-0.00416692136885555,-0.00444059111869777,7.04315991598834,0.0262542995293185,0.00951462495182598,-0.31,-0.33,2.81,-0.3,-0.11,-0.24,-0.000431093027064122,0.00551644454517941,-0.00452313742887345,-0.170520605855418,-0.00278534648410478,6.84694313958538
1991,0.00520337015488082,-0.00366435001449172,-0.00736659658813377,-0.759,0.0999999999999996,-0.000494528147813256,40.1,0.00345125450421513,-0.0106319657837393,-0.000329710161866892,6.87626461189077,0.0418047332701139,-0.0217707576833149,-0.289999999999999,-0.31,3.12,-0.5,-0.319999999999999,-0.26,0.00180389353355537,0.00181593240069677,0.0014863898033104,-0.060543443345161,-0.00832494555145225,6.75809450442773
1991.08333333333,-0.00652999887355321,-0.00904010961035251,-0.00326119107656364,-0.582300000000004,0.100000000000001,-0.00100812927255589,39.9,0.00084613070833095,0.00981195753770869,0.002863776637402,6.68210859744981,-0.00996584428148584,0.00658630670808769,-0.0300000000000002,0.00999999999999979,3.54,-0.399999999999999,-0.52,-0.41,0.00203207131951899,-0.0136595876688981,-1.38815509469481e-05,0.075819516943104,-0.0225912581537955,6.66695679242921
1991.16666666667,0.000822597067157815,0.00616204705839429,-0.00741593606502811,-0.648199999999989,0.199999999999999,-0.00296612137956132,39.8,-0.00515538612318256,-0.0114526469951688,-0.00329288573847286,6.87212810133899,0.107030446854282,0.0151335383667087,-0.23,-0.24,3.82,-0.66,-0.279999999999999,-0.37,0.000249003795664393,0.00888778408123958,-0.00297674381684931,-0.104681652804389,0.016231480222423,6.74875954749168
1991.25,0.00152796645975251,0.0116916364478863,-0.00577103926629174,-0.677599999999998,0.2,-0.00153702464188221,39.7,0.00171600182127296,0.00243312890052216,-0.000294230056131717,6.82546003625531,0.0272840732527397,-0.0754286889814372,0.3,0.26,3.97,-0.13,-0.0300000000000002,0.130000000000001,0.000154788688613294,-0.000758463219500349,-0.000742115061887816,0.16284972031916,0.00565151887271753,6.81454289725996
1991.33333333333,0.00386504480217909,-0.00331164062092659,0.00263514359411321,0.268299999999996,-0.0999999999999996,-0.00200997679670145,39.8,0.00427460231588395,0.00411353932579228,0.00159909367357702,6.90875477931522,0.0196825333699433,-0.0401610914831441,-0.0699999999999994,-0.0700000000000003,4.03,-0.21,-0.26,-0.16,-0.00209587573308134,-0.00501943660569815,0.00222304648794669,0.0801890362384743,0.0101083797897807,6.82001636467413
1991.41666666667,0.000146183799099475,0.00254198578351161,0.00937015060119784,0.413899999999998,0.2,-0.000895647857918291,39.8,-0.00427972471000304,0.00247015358206237,0.00232138074861421,6.9037472575846,-0.00446105244426054,-0.0149131884372752,0,0.0300000000000011,4.08,-0.13,-0.19,-0.11,1.99855907609958e-05,0.000464243939483744,0.00147108405219498,-0.0275224350603489,0.000353846673132097,6.89871453432999
1991.5,0.00520614459819413,0.000166462057439087,0.00807041324905455,0.649799999999999,0,0.000711043833026892,40.1,0.00170140128857943,-0.00411624448873127,-0.00244557116799182,6.94312242281943,0.000793356999352568,-0.0439377030314203,0.24,0.209999999999999,4.06,0.12,0.11,0.23,-0.000517100518040436,0.0029798522263027,-0.00074862031038414,-0.070279198706543,0.00215896779143243,6.87109129461055
1991.58333333333,-0.00233431621460589,0.00485679659557992,0.00279669186556841,0.353200000000001,-0.100000000000001,-0.00036931031718801,40.1,-6.50772629828822e-06,-0.000828137159682107,-0.000116128112588321,6.96885037834195,0.0051152355379136,0.000969403287063964,-0.0300000000000002,-0.00999999999999979,4.07,-0.0800000000000001,0.00999999999999979,-0.0500000000000007,-0.00140650550171095,-0.00205638895333671,-0.00147600225039834,0.109341163362588,0.0032809185429965,6.880384082186
1991.66666666667,0.00188343089001108,-0.00151262448418166,-1.13396776129093e-05,0.00270000000000437,0.100000000000001,9.2340366656174e-05,40.1,-0.00254777207879853,0.00412439345730853,0.000756732606858712,6.9555926083963,0.0238307601576402,0.019668439993066,-0.48,-0.369999999999999,3.99,-0.16,-0.25,-0.529999999999999,-0.00158005141480366,-0.00302049353893086,0.00146304544191889,-0.0464559688274653,-0.00556854313304989,6.8501261661455
1991.75,0.00302757237441753,0.000476827242088973,0.00790165895112249,0.674999999999997,0,0.000323124151725196,40.2,0.00254129742867271,-2.7185603590496e-06,0.00110553485223974,6.92264389147589,-0.00566573753567745,0.0248649413680384,-0.29,-0.25,4.06,-0.21,-0.11,-0.21,0.000298008411681039,0.0112190417034865,-8.5747298426142e-06,-0.00467192300507557,0.000951670365516577,6.88141130364254
1991.83333333333,0.00126443157293998,-0.00402908125527413,-0.000546601838294691,-0.133300000000006,0.0999999999999996,0.0002399675132434,40.2,-0.000850679950765265,0.00163932687602486,-0.00156851824161475,6.98378996525813,-0.000826787975993781,-0.00197124368099311,-0.27,-0.12,4.28,-0.24,-0.23,-0.24,0.00157857842041231,-0.00272379385747801,-0.00146518922777616,0.0530750869700674,-0.00648670419257513,6.89871453432999
1991.91666666667,0.00155286370698704,0.00471282779843074,-0.00158361570554266,-0.3108,0,-0.000563091664968596,40.2,-0.000846379352626769,0.000806559884376057,0.000333139938508253,7.0057890192535,-0.00248447332766144,0.0322636257828328,-0.25,-0.11,4.64,-0.4,-0.430000000000001,-0.44,5.70333147518198e-05,-0.00485217541643568,0.00290485382411454,-0.0942371161294333,0.00522618944733999,6.89162589705225
1992,0.00825743645473409,0.00171766233264048,-0.00487438430952292,-0.360599999999991,0.3,0.000276969950531836,40.3,0.00168420822807791,-0.00491066097609849,0.000298967813810336,6.98378996525813,0.0066888154034066,0.0263961205298043,-0.43,-0.33,4.83,-0.38,-0.489999999999999,-0.51,0.000383004861477687,0.00478875685919267,-0.00146509053376231,-0.107272756885378,-0.000836933372786675,6.96696713861398
1992.08333333333,0.00470244583059731,0.0144720326085346,-0.00525126402675546,-0.602900000000005,0,0.0003230346828893,40.2,-0.00337055166628097,-0.00163867057477063,-0.00113907479779485,7.06987412845857,0.0685586399626441,-0.010010534066396,0.0499999999999998,-0.0599999999999996,5.1,-0.399999999999999,-0.27,-0.23,0.00067651581778172,-0.00922238651777718,-0.00217522541686854,0.104306915381227,0.0188658958086165,6.98193467715639
1992.16666666667,0.00472863168547377,0.00112026572195134,0.00703488959229048,0.513199999999998,0.100000000000001,-0.000489207447555984,40.3,0.00252560739403673,0.00491199591973945,0.00117725364071486,7.13089883029635,-0.00849589972211362,-0.0173975615877205,0.34,0.31,5.17,0.0299999999999994,0.04,0.14,0.00287942983858613,0.0021643968287659,0.00144352074794707,0.0456213989741863,7.53849343571034e-05,7.04403289727469
1992.25,0.00146653912109507,0.00183045934610648,0.00848952200049879,0.631799999999998,0,0.000507663420831861,40.2,0.000836448853398508,-0.00163867057477063,-0.000117605831632339,7.16780918431644,-0.0126843343736613,-0.0308454885942756,0.37,0.2,5.27,-0.0799999999999996,0.2,0.34,-0.00439835409527589,0.00254581283235922,0.00143416408850428,-0.0134233143403151,-0.00341056724460032,6.98656645940643
1992.33333333333,0.00358745657960391,0.000832766355620684,0.00756146666679669,0.229200000000006,0,0.00137401293270223,40.5,0.000830135950769417,-6.67478542659694e-07,0.00027938572420716,7.00215595440362,0.000122734023252136,0.018848966269718,-0.17,-0.0599999999999996,5.48,-0.25,-0.29,-0.33,-0.00238104209548773,-0.000994852270964408,-0.00144661277656777,0.0719685918557706,0.00799833499806368,6.96034772910131
1992.41666666667,0.00518799510139445,0.005163888635356,0.00328569116478317,0.259100000000004,0.199999999999999,0.00119726301589473,40.4,-0.00251431583788619,0.00244332668065095,-0.00136702402484357,7.10167597161944,0.0180005346763421,0.0296704415207802,-0.0899999999999999,-0.0900000000000007,5.31,0.0899999999999999,-0.12,-0.109999999999999,0.000911030324116879,0.00123118898621488,-4.63146053419905e-06,-0.0339487793348603,0.0034332975870921,6.96224346426621
1992.5,0.00406898158179025,0.00270292241369452,0.000511722495983413,0.0428999999999888,0.2,0.000552099833670994,40.3,0.0025003454746142,0.000800108312090764,0.000440564714344838,7.04315991598834,-0.0158918638283003,0.0248880389405303,-0.21,-0.13,5.29,-0.0600000000000001,0.0300000000000002,-0.0200000000000005,-0.00120760317399871,0.00105948048283722,0.000709419143553269,0.032430908055578,0.00456360607497608,6.96318998587024
1992.58333333333,-0.000887664702064583,0.00331822005601756,0.00916493807293151,0.523800000000008,-0.0999999999999996,0.000800003720845766,40.3,-0.0041691028259021,-0.00487079620028741,0.0015250198239114,7.03790596344718,0.0164702746607084,0.0331879483351425,-0.640000000000001,-0.42,5.59,-0.51,-0.45,-0.57,0.00167854748285912,7.36653764210615e-05,-8.1516492071998e-06,-0.0941998578300627,0.0101833873907005,6.99301512293296
1992.66666666667,0.00379668009652434,0.0024864660895525,-0.0056075545766312,-0.614699999999999,-0.100000000000001,0.00112994881320461,40.3,0.00416077639656631,0.00162140260197852,-0.00195833682570523,7.11151211649616,0.00691495948519893,0.0133124651258687,-0.24,-0.25,5.35,0.0499999999999998,-0.0800000000000001,-0.13,0.00129539153716252,-0.00083079757989335,-0.00071808048069677,0.00894107373678255,-0.00272391772858427,6.98007594056176
1992.75,-0.00388430978706111,0.00648776093113845,0.00329311517190156,-0.0755000000000052,0,0.000321296940803961,40.2,-0.00499030086628771,0.00161746662616569,0.00029647110030151,7.07834157955767,0.00131514467611282,-0.0511470611127207,-0.22,-0.17,5.4,-0.0799999999999996,-0.22,-0.29,0.00193511028919957,0.00515204068417141,-4.53981531478576e-06,0.0445019425536857,0.011928911578762,7.01571242048723
1992.83333333333,-0.0049706383143846,0.00335707435651322,0.00672889068479865,0.257500000000007,-0.3,0.00172405930182329,40.3,0.00498477296559097,0.00160572217378085,0.00189158680874879,7.12608727329912,-0.0143928932876207,-0.11076063436931,0.22,0.17,5.74,-0.12,-0.0500000000000003,0.12,0.000572945575180839,-0.00447660507559444,0.00211487270303934,-0.0353450618361375,0.0103020062279615,7.03174125876313
1992.91666666667,0.00215797341534696,0.00170401673917953,0.00378504479829456,0.100799999999992,0.100000000000001,0.00131854868889469,40.3,-0.00166526098434838,-0.00483936738975288,-0.00155652055453892,7.10167597161944,0.0247576511257268,-0.079357279052233,0.44,0.28,5.87,-0.0100000000000002,0.27,0.38,-0.00316249470803598,0.00272028323139129,-0.00142439943144623,-0.0542525533357563,0.000367263021644249,7.01929665371504
1993,0.0358359689560093,0.00657085742746499,0.00168749636639998,-0.191900000000004,0,0.00200196606845715,40.3,-2.74111160258883e-06,0.00161095457763416,-0.000221994539692183,7.11232744471091,0.0298223573070233,0.0157258423054641,0.04,-0.100000000000001,5.89,-0.17,0.0900000000000003,0.0299999999999998,-0.00131374209196622,-6.19938426718036e-05,-0.00141241841366835,0.0170175095195133,0.00938850267434432,7.06987412845857
1993.08333333333,-0.0278970513404939,-0.00143676771717027,0.00383254248724452,0.578299999999999,-0.100000000000001,0.00262663631670179,40.5,-2.73205755396688e-06,0.000803533516883448,0.000681140270761382,7.09837563859079,-0.000941587218050266,-0.0119994953661723,-0.25,-0.17,5.65,0.1,-0.22,-0.21,-0.00111106268254701,-0.00250302454762341,0.00210107481692656,0.0297986399140089,0.0107299266944505,7.07072410726028
1993.16666666667,0.00461481398072117,0.00184970241053461,0.00480439387932474,0.0821000000000112,-0.2,0.00233809701804866,40.6,0.000820661106916365,0.000799661575211275,-0.000921197929161899,7.09837563859079,0.0147562916130459,-0.0626045577581359,-0.4,-0.34,5.36,0.00999999999999979,-0.0699999999999998,-0.11,0.000290228960658112,-0.000981314046990533,-0.00140890815275796,0.0672554398838132,-0.00390140590620547,7.04577657687951
1993.25,-0.00259728684094362,-0.00271669753873471,-0.000873913732368337,-0.280100000000004,-0.0999999999999996,-0.000390818497050915,40.3,-6.09665019579708e-06,-5.78776460091746e-06,0.000540003322411664,6.98749024700099,0.0189721565225422,0.0153043108430165,-0.239999999999999,-0.279999999999999,5.08,0.04,0.02,-0.0600000000000001,0.000525920502761679,-0.000114705691790284,-0.00070198838519886,-0.0354454789455061,-0.00688219237183674,6.96224346426621
1993.33333333333,0.00750322615822085,0.00671921426182198,0.00273940500363601,0.244799999999998,0.0999999999999996,0.00268719749181834,40.8,0.000812598966505096,0.00318149367758913,0.000613933537421119,7.13727843726039,-0.0158527344762911,0.0552295748249583,-0.0600000000000005,-0.0100000000000007,5.18,-0.11,-0.0800000000000001,-0.0899999999999999,0.000703118149429471,-0.00616623982499043,0.00208646218109898,-0.0183462327887272,0.026017995758,7.00669522683704
1993.41666666667,-0.000226056664718755,0.0034793522072496,-0.00379158034187999,-0.215199999999996,0,0.00245392229845365,40.6,-0.000826708214411553,-0.00558437829390002,0.000424246675278184,7.13886699994552,0.00488558152103913,0.00194024119850861,0.0700000000000003,0.0700000000000003,5.21,0.04,0.0899999999999999,0.12,0.00759370246312763,0.013858098245298,-0.000705330888917999,-0.0126226755203587,0.00497302959043644,7.01391547481053
1993.5,-0.00123678812296646,0.00362283951300002,0.00225264734953345,-0.210499999999996,-0.0999999999999996,0.00154532299529819,40.5,-0.00163598972995782,-0.0039856569302037,-0.00274609782087865,7.15461535691366,0.00629122984901187,-0.0258530711501673,0.0199999999999996,-0.0800000000000001,5.03,0.04,0.11,0.18,-0.00587745174772358,-0.000903553481371056,-0.00208453863492597,-0.0281971489911483,0.000335281437219948,7.02997291170639
1993.58333333333,0.00322210525699695,0.00490686683857655,0.00269311649731296,0.0628999999999991,-0.0999999999999996,0.00281339794942603,40.6,0.000813998693601992,0.00318661573707146,0.00126107466131042,7.13409372119287,-0.00171999819027224,-0.0084562876985439,-0.13,-0.15,4.87,0.02,-0.0299999999999998,-0.0699999999999998,-0.00171520499184652,-0.0065969674583366,0.000691800843685364,-0.0206056094113158,0.0160764843003793,7.06817200038804
1993.66666666667,0.00215860372609278,0.0010055499464654,-0.00120646835283011,-0.309700000000007,-0.100000000000001,0.00131381231384786,40.7,-2.65255155529331e-06,-0.00883958764463699,0.000104861792423527,7.17011954344963,0.0151763468366637,-0.00274532296030827,-0.0599999999999996,-0.13,4.57,-0.0300000000000002,-0.02,-0.0300000000000002,0.00119058382165527,0.00317446626610618,0.000688930626467688,0.0731891219908487,-0.00335560269861901,7.11476944836646
1993.75,-0.00225217199938932,0.00572393757446843,0.00529148831573512,0.435000000000002,-0.0999999999999996,0.00222773258744091,40.8,0.000808715138505001,0.0112515324132341,-0.000661808945129572,7.20266119652324,0.0111894485604367,0.0221479777902431,-0.3,-0.319999999999999,4.25,0.0600000000000001,-0.0699999999999998,-0.0800000000000001,0.000810253043606934,-0.00383072058533429,-0.000693709930171593,-0.0358432394959514,0.00781607032721254,7.13169851046691
1993.83333333333,-0.00420084296983525,0.00155540438259383,0.00730365242230313,0.511799999999994,0.0999999999999996,0.00256293210520653,40.7,-5.91994458876144e-06,-0.000807426286647761,0.0020945326214461,7.23849684089437,0.0100960625320861,-0.0148659868315597,-0.0200000000000005,-0.0300000000000002,4.32,-0.0999999999999996,0.0699999999999998,0.0300000000000002,-0.00058196435443314,0.00137158975647722,0.0027491308730534,0.0632655514027842,0.0055336734506195,7.16006920759613
1993.91666666667,0.00256220966000242,0.00279747260422569,0.00455900555324895,0.218800000000002,-0.2,0.00226174662058298,40.8,0.000800885728154288,0.000803533516883448,-0.00124442768724808,7.22693601849329,-0.00217956689181875,-0.0144147848090903,0.35,0.39,4.64,0.0299999999999998,0.0800000000000001,0.19,0.00256636750103212,0.00289143750745779,-0.00138590739626032,-0.11844068283974,0.0121452411617629,7.21303165983487
1994,0.034185936580581,0.00351447214955325,0.00590527084702952,0.336799999999997,-0.0999999999999996,0.00301366182651108,40.9,0.000793129718279051,-0.00160901080570053,-0.00166423837739416,7.33498187887181,0.006588887365786,0.00706574050944897,0.0900000000000007,0.0499999999999998,4.73,-0.0600000000000001,-0.04,0.0299999999999998,-0.00260186347403923,-0.000336649698393643,-0.000690799628008776,-0.0574645672194607,0.00731085329795711,7.2868764117507
1994.08333333333,-0.0200067181724943,0.00272285172556774,0.00287367946692818,-0.139899999999997,0.0999999999999996,0.00245414170460201,40.9,-0.00241901351849672,0.00321027563024856,0.000106654190430433,7.14834574390007,0.0149959143877316,0.00067033116868559,-0.0600000000000005,-0.0199999999999996,4.6,0.0899999999999999,-0.0800000000000001,-0.0699999999999998,-0.00115205393288775,0.00594269825325799,-0.00205268631774214,0.173722904700313,-0.00810668385588542,7.23705902612474
1994.16666666667,0.000964807961144842,0.00799231541717926,0.000582731830276906,-0.0874999999999915,0,0.00160615520168683,40.3,0.00399263873160072,-0.00160899426327443,0.00197885029978906,7.19818357710194,-0.00298548767649454,-0.00881715286450713,0.31,0.22,4.51,0.2,0.27,0.33,0.000115078103295474,-0.00498987273868501,0.00273037712285706,-0.0479874197882681,0.0192222418504553,7.14598446771439
1994.25,0.00266310837064943,0.000132036857337425,0.0101498906066313,0.852800000000002,-0.0999999999999996,0.00409686141561139,41.1,-0.00719394504565152,-0.00080160119641004,0.000434567109580009,7.35500192110526,-0.0166137733362257,0.00854907431588742,0.54,0.510000000000001,4.79,0.0899999999999999,0.25,0.45,0.0010349354707877,0.0107546421173215,-7.43466440056295e-06,0.0066230665206044,0.0195776109745864,7.20191631753163
1994.33333333333,0.00924553001565442,0.00421600067368555,0.00589613804265277,0.479399999999998,-0.0999999999999996,0.00303305733458892,41.1,0.00319233906564431,-0.000799680170564088,-0.00156657082806344,7.28961052145117,-0.0364019819371109,-0.00645553986898856,0.579999999999999,0.489999999999999,4.96,0.22,0.18,0.5,-0.000920373184410295,-0.00221656055285724,-0.00204336377107239,0.119090601027968,-0.00159723893914432,7.23849684089437
1994.41666666667,0.00202852804397402,-0.00180468138086276,0.00459049595854744,0.219699999999989,-0.300000000000001,0.00292733307662019,41.2,0.00158854653469787,0,0.000270910376646505,7.3304052118444,0.00817258175747337,0.0146662598724887,0.260000000000001,0.21,4.61,0.45,0.46,0.489999999999999,0.00238039081791186,-0.00218117125037587,0.00135639079771455,-0.0233166906459732,-0.00433826166439211,7.24136628332232
1994.5,-0.00135208136845577,0.00596557504002737,0.00672844968713626,-0.013300000000001,0,0.00277874136222778,41.2,-0.0023901192835587,0.000799041193132233,0.000979179072880143,7.25063551189868,0.00867813733456124,0.0145197904632301,-0.0800000000000001,-0.0800000000000001,4.4,0.24,0,-0.04,-0.00596748006386427,-0.000704003224386796,0.000672224451780501,-0.0231880414534853,0.0116975432411124,7.21303165983487
1994.58333333333,0.00172578874450124,-0.000654848238939909,0.00132950567949841,0.0310000000000059,0,0.00322486482053463,41.2,0.00237749152218258,0.00318661573707146,0.00071636966137234,7.27170370688737,-0.00756985837816426,0.0133426431885613,0.21,0.2,4.54,0.00999999999999979,0.19,0.210000000000001,0.0057395695539153,0.00633867535348642,0.000666767079646746,-0.0344727311640169,0.00139412892197122,7.19668657083435
1994.66666666667,0.00144822180789106,0.00656645272548939,0.00668185751292683,0.4392,-0.0999999999999996,0.00256198127150675,41.1,-0.00158980949501464,-1.58224192920997e-05,-0.000849942100112244,7.27931883541462,0.0280477954989173,-0.00291366064523385,-0.0300000000000002,-0.0599999999999996,4.27,0.21,0.15,0.0799999999999992,-0.00321419752730634,-0.00358469351572221,0.000660014195653424,-0.096775140090672,0.0143020601519002,7.22766249872866
1994.75,0.00437069416800284,0.00148638130743706,0.00314054926155194,0.0507000000000062,-0.0999999999999996,0.00298938297249585,41.1,0.00157478774163788,-0.00634984356772339,-0.00118883727006835,7.29573507274928,0.00584194101318225,0.0153784840735279,0.2,0.22,4.25,0.260000000000001,0.14,0.2,0.000831706962507894,-0.00487141336584518,-0.00202357661249408,0.0154636548716449,0.00946385886312306,7.25276241805319
1994.83333333333,0.00888083427809683,0.00620033635758999,0.00801293123785829,0.469799999999992,-0.100000000000001,0.00182919215470001,41.1,-9.93570974827662e-06,-0.000802173421650565,0.000582588667826123,7.27931883541462,-0.00676861528885908,0.0254071980250219,0.32,0.28,4.44,0.0299999999999994,0.33,0.350000000000001,-0.000631217639407211,0.00605903609972103,-0.0013418304461128,0.0655674678993701,0.00687714709706277,7.24208235925696
1994.91666666667,-0.000239205864119185,0.000737776007790458,0.00681262295668539,0.388100000000009,-0.2,0.00354481531815587,41.2,-0.000793265495690143,0.00795166687749749,0.000206279619133554,7.32052696227274,-0.00605525087132541,-0.0107649055569662,0.319999999999999,0.22,4.03,0.53,0.34,0.43,0.00134842839147531,0.000322537045541083,0.00200423023082941,0.0075655850937526,0.00263172277278656,7.20042489294496
1995,0.00472304879845353,0.00265149578090496,0.0101664259222325,0.619,-0.0999999999999996,0.0026460856411461,41.3,-0.00157047321952453,-0.000812217659833081,-0.00125671289709306,7.28276117960559,-0.0127048205300913,-0.0193786044454385,0.0600000000000005,-0.15,3.65,0.16,0.31,0.6,-0.00106139547076012,-0.00215722205166191,-0.000673130828104718,-0.0751133306890019,0.00264020453137626,7.24136628332232
1995.08333333333,0.00459200606532129,-3.67782272938655e-05,0.00170053619793809,-0.199100000000001,0.0999999999999996,0.00284512330962094,41.3,-6.13222863599105e-07,-0.00159040172893654,0.00138598217505059,7.24921505711439,0.0218599813171005,0.0101491312553615,-0.0200000000000005,-0.0299999999999994,3.55,0.0800000000000001,0.11,-0.0899999999999999,0.00194893048012368,0.00728429822373489,0.000660677993217007,0.100565798114589,0.00495847216611445,7.15617663748062
1995.16666666667,0.00223142301745938,-0.00185906161754756,-0.00112868730501159,-0.509700000000009,-0.199999999999999,0.00162093354930271,40.9,0.0023422236381947,-5.58882458534526e-06,-0.000256875917936661,7.18235211188526,0.035203229649114,-0.00165257776121497,-0.39,-0.31,2.93,0.39,0.0599999999999996,-0.35,-0.00243559019211759,0.00238275506164509,-7.06396464078551e-06,-0.0176599615677984,-0.0146027028216,7.13409372119287
1995.25,0.0025291057125667,0.00525533632682329,0.00166030115828697,-0.0860999999999876,0,0.00183217660691426,41,-0.000787642694430435,-0.000790183953639279,7.10881978855937e-05,7.13009851012558,0.0230352622285288,0.0177799274268717,-0.32,-0.27,2.72,0.0600000000000005,-0.0399999999999991,-0.27,0.00105988673713142,-0.00766885203712242,-0.000668183613243833,-0.0284962435786515,0.0108746277675262,7.11151211649616
1995.33333333333,0.00116909950964761,-0.00163244380019023,-0.00172772579021618,-0.613500000000002,0.399999999999999,0.00135057761987767,40.5,-0.000782149581898484,0.000780927668389886,0.000781559086911798,7.14440718032114,0.0294908791285131,0.00442713115907167,-0.19,-0.140000000000001,2.55,0.0699999999999994,-0.0800000000000001,-0.16,0.00197370784905182,-0.00478486422160884,0.00197430324446746,0.0676625187541058,0.000670953624375414,7.13807303404435
1995.41666666667,0.000766784430448197,0.00720664517891834,0.00489890698511886,-0.0166000000000111,-0.2,-0.000170858392978701,40.5,-2.41492374541963e-06,-0.00156924099549016,-0.00108535229985129,7.18083119904456,0.0308247566190643,-0.0124582949183202,-0.45,-0.43,2.19,-0.04,0.0199999999999996,-0.27,0.00480159107176448,0.00680828177841786,-0.00198606691237924,-0.075305290068671,0.0139819752443575,7.14755927118945
1995.5,0.00368024722155447,0.00796903751676936,0.0033088514322035,0.0414999999999992,0,0.00209100645026439,40.7,0.00231867677859743,-0.000782778904940606,-0.000563364849519132,7.15539630189673,0.0292356876738582,0.00465087885042481,-0.48,-0.46,1.9,-0.00999999999999979,-0.2,-0.36,-0.000134853048493255,-0.00634744875494331,-3.89031641923054e-06,-0.0626459806197848,0.0116605201799356,7.17395831975679
1995.58333333333,0.00335311508219327,-0.0027157694166986,-0.00418989274010606,-0.925999999999988,0.100000000000001,0.000775547289729062,40.7,0.00152353133000105,0.00156372197618282,0.000279317060716266,7.2868764117507,0.0328645814647501,0.000250783700373902,0.0800000000000001,0.11,2.19,-0.15,-0.0499999999999998,-0.0499999999999998,-0.00178489333769427,0.00563638164684477,-0.000658968389488201,0.00647947385474712,-0.00637309944714914,7.21081845347222
1995.66666666667,0.00144774712551055,0.00488308712679597,0.013169322992451,0.589199999999991,0,0.00224654178253481,40.8,-0.00539500345165944,-0.00234527731100265,0.000896576908952618,7.25559127425367,0.00311694147449515,-0.0179637974158976,0.23,0.21,2.45,-0.109999999999999,-0.0199999999999996,0.16,0.000837230197463512,-0.00554452856038967,0.000652518486849551,0.10406106503492,0.00983545665893359,7.23417717974985
1995.75,0.00384162397647891,0.00234263888153219,0.00402517618747922,0.353700000000003,-0.100000000000001,0.00192765823812024,40.8,0.00153609861233983,0.00234405565271167,-0.00145954741685461,7.22183582528845,0.034558928278094,-0.00499073273389972,-0.24,-0.29,2.13,0.0599999999999996,-0.12,-0.13,-0.00239317646622794,-0.00199841685514812,-0.000656804356037988,-0.0302989842361465,0.00128722853652263,7.2591161280971
1995.83333333333,0.00146054486990721,-0.00389540618819328,-0.00175910741090579,-0.517600000000002,-0.0999999999999996,0.00129716549416159,40.8,0.000763634099191446,0.000776682035279919,0.00189361511165043,7.22183582528845,0.00714479362671838,0.0120502589838468,-0.14,-0.16,1.99,-0.04,0,-0.0300000000000002,-0.000511247922130309,-0.00408112371599323,0.00130207463499143,-0.0553337216850838,-0.00368220073998948,7.24422751560335
1995.91666666667,0.00323982685887891,0.0082955174531163,0.00263200589463253,-0.328900000000004,0.0999999999999996,0.00117701365460299,40.8,-0.000769510530763906,-5.45900695136936e-06,-0.00261441983416955,7.28069719538474,0.0214018096946909,-0.00980774643106674,-0.17,-0.11,1.88,0.04,0.0800000000000001,-0.16,-0.00133490484600429,0.00851406542444266,-0.00130718084631454,0.075351799691346,0.0145891903766859,7.26542972325395
1996,0.00180644659267415,0.0063415151648778,0.00346482442308371,-0.150599999999997,0,0.00135312296006163,40.5,-0.000765988288011332,0.00231744782951004,0.00194918893763418,7.26612877955645,0.031471070909241,-0.014180063573834,-0.180000000000001,-0.22,1.89,-0.2,-0.220000000000001,-0.12,0.000851252806988612,-0.00545915787740636,-1.69321701548597e-06,0.0256763519191696,0.00238973362954553,7.27378631784489
1996.08333333333,0.00337671275202567,-0.0045153249484704,-0.0057400787913684,-0.99369999999999,0,-6.76126807839239e-05,39.5,0.0098741643122997,-0.00156236563114387,0.000303152619487435,7.29097477814298,-0.000244102882439812,-0.00762392511065935,-0.149999999999999,-0.0599999999999996,1.91,-0.04,-0.14,-0.22,0.00240826521687154,0.00586914650600168,0.00388432643390324,-0.0651648500466426,-0.00117207148831433,7.23489842031483
1996.16666666667,0.00828815345081502,0.00764443890513444,0.0145291599264663,0.755999999999986,-0.0999999999999996,0.00355192206548338,40.9,-0.0144248472575588,-0.00308880554458657,-0.000646498564141673,7.30720231476474,0.0555856866625941,0.00469852078155425,0.0199999999999996,0.159999999999999,2.41,-0.34,-0.17,-0.149999999999999,-0.00125359157219229,-0.00616356585741951,-0.00324735739395976,0.0184521275408382,0.0150099733320008,7.25841215059531
1996.25,0.0034878390060662,0.00483439196922131,-0.00122504262904055,-0.612799999999993,0,0.00213687878393287,40.7,0.00150767860191525,0.00614913544035023,0.001438199843248,7.26122509197192,-0.00380993974718979,-0.00581112274848172,0.59,0.46,2.72,0.0899999999999999,0.13,0.399999999999999,0.00302799652544472,0.00140598901118771,0.00128325535981499,0.103390335584693,0.00373922394543413,7.27031288607902
1996.33333333333,0.00262872410018566,0.00368532372704511,0.00990121826052093,0.538200000000003,0.0999999999999996,0.00139407958752535,40.8,0.0136210470545226,-0.00308868928724415,-2.35594547497442e-05,7.32383056620232,0.000154530844663547,-0.00729522475681876,0.33,0.24,2.97,-0.0899999999999999,-0.00999999999999979,0.2,-0.00390615858694154,0.00209783599670921,0.00063048120205611,-0.0149488916236207,0.00788599197909789,7.28824440102012
1996.41666666667,0.00430744262565241,0.00130160256182421,0.00744558362292391,0.193600000000004,0,0.00284092290545956,40.8,-0.00983964671940019,-0.00306044615310608,-0.00126731880168851,7.31588350450979,0.0214927258213491,-0.000527843770503134,0.180000000000001,0.23,3.06,0.0200000000000005,0.0699999999999994,0.0999999999999996,0.000288041174171028,-0.000823597639630691,-0.00193109531227353,-0.202072524433659,0.00886197056241222,7.2841348061952
1996.5,0.00662400293187204,0.00115946115619181,0.00759337824118411,0.32419999999999,-0.3,0.00228197050548573,41,0.0029917597033049,0.00305110839289657,-0.00173829972155293,7.29097477814298,0.0109346595735929,0.0172733946683428,0.21,0.17,3.13,0.0299999999999994,0.0700000000000003,0.17,0.000258382127530155,0.00116768233810394,-3.67933906009199e-06,0.0652438086959988,-0.00800230596967744,7.26473017792987
1996.58333333333,-0.00206070608423659,0.00212219349508214,0.000153746035709723,-0.078400000000002,0.2,0.00207682662256481,40.8,-0.00150931274438637,-0.00381301319165939,0.00212539910282672,7.29437729928882,-0.0372289806924151,0.00736770604853032,-0.0500000000000007,-0.04,2.95,0.130000000000001,0.0600000000000005,0.04,0.000442992521080043,-0.00166610299927861,-3.66526443151827e-06,0.0800367296904478,0.00643826530808411,7.27931883541462
1996.66666666667,0.00320046258004325,0.00342807506680209,0.00510523528457529,-0.0715999999999894,-0.4,0.00149031944559042,41,-0.000752102339140581,0.00380604717999145,-0.00115813205325921,7.350516171834,0.0284848032207536,-0.00199813144568189,-0.25,-0.23,2.96,-0.180000000000001,-0.100000000000001,-0.18,-0.00206977496466543,-0.00123448472045951,-0.000639581339534345,-0.0120856994651466,9.01172235963088e-05,7.25347038268453
1996.75,0.00282682886866681,0.00127378549577895,0.00623963211821454,0.188499999999991,0.100000000000001,0.0016791498471509,41,-4.97506799979064e-06,-0.0022845525232098,0.00187137518671854,7.29641326877392,0.0182426782200737,0.00604658988783463,0.21,0.19,3.05,0.0800000000000001,0.04,0.16,0.000662888222361602,0.0100878978277752,0.00190253932708817,0.058837442866587,0.0112574553737197,7.23849684089437
1996.83333333333,0.000144602525605109,0.00296007598908332,0.00029609405001807,-0.484099999999998,0,0.00219857803285528,41,-0.0022279994363128,0.00454144489565333,0.000192901597361406,7.23849684089437,0.0386289799563722,0.0171672578235699,-0.33,-0.3,2.83,-0.0599999999999996,-0.0999999999999996,-0.28,0.00264779822619055,-0.00430063822465598,-1.00526093254061e-05,-0.0511837335912144,0.0106960873641953,7.21376830811864
1996.91666666667,0.00318213634343856,0.00248317904893014,0.00914478517206874,0.301400000000001,0.2,0.00233432220297836,41,0.00296296513065686,-0.0045460328303033,-0.00123982711146908,7.30586003268401,0.047617771369187,0.0467979251270041,-0.3,-0.33,2.48,0.0699999999999994,0.04,-0.13,0.000737994114764717,-0.00223522908058893,-9.98916575145614e-06,-0.0862016300124067,-0.00166708111412461,7.25276241805319
1997,0.00384885174681493,0.00396376019846034,0.00638664809245615,0.255700000000004,0,0.00161923287062216,41.1,0.00220119241757777,0.00225931836955429,-0.000618005266545651,7.22256601882217,0.0102508132622381,0.000962058880047856,0.100000000000001,0.0999999999999996,2.6,-0.0199999999999996,-0.12,0.0499999999999998,0.000279772735025219,0.000681952899791227,-0.000638264387432308,0.117429399032621,0.00242772083021769,7.25205395185281
1997.08333333333,0.00573100195454224,0.00472211131658984,0.0015838703738682,-0.358000000000004,-0.100000000000001,0.00175670872685707,40.6,-0.00149173329597119,-0.0022621577903692,0.000141514866470516,7.2115567333138,0.0304368728928779,-0.00325066503435445,0.26,0.28,2.84,-0.04,0.12,0.140000000000001,-0.00199183873074205,-0.00352390554308002,-0.000633476799003496,-0.0771610822086353,0.0112215167846781,7.23128700432762
1997.16666666667,0.00313475202309199,0.00211254984232045,0.0118678167995965,0.684700000000007,-0.0999999999999996,0.00260874364606423,41,-0.00147542593172112,-0.00301034938614553,0.000782640782796662,7.3038432252777,0.0411278650976294,-0.0200366010029444,-0.13,-0.16,2.75,-0.0599999999999996,-0.0200000000000005,-0.0800000000000001,-0.00113474326245466,0.00385777327286352,-3.54214752196214e-06,-0.116407584671526,0.00668480092130608,7.27586460054653
1997.25,0.00469659237504949,0.00267292793172214,0.00632608016011016,0.323499999999996,0,0.00261015316617907,41.3,-0.000735009756043237,0.00150432329719141,-0.00102908216853326,7.2841348061952,-0.00783380825560176,-0.00989127747874269,0.34,0.27,2.79,0.199999999999999,0.13,0.27,0.000819848405223311,-0.000442679464375928,-0.00125431075364446,0.0686136671670936,0.0072690303191365,7.26961674960817
1997.33333333333,0.000737310584501216,-5.13351414825891e-05,0.00117151451536834,-0.517300000000006,-0.100000000000001,0.00243982436406043,41.3,-2.13429063311565e-06,-0.00529759209695513,-7.22376984230166e-05,7.30787278076371,-0.0362872296808883,0.0121647738034892,0.22,0.199999999999999,2.83,0.12,0.0200000000000005,0.19,0.000217273948772245,0.0024008966749669,-3.91603473204327e-07,-0.00591628058425719,-0.0148665727617647,7.2591161280971
1997.41666666667,0.00454235204401776,0.000615847836625605,0.00552436097756726,0.0852000000000004,-0.199999999999999,0.00221361010794396,41.2,0.00218048465710829,0.00377268523276797,-0.00143740821397298,7.27378631784489,0.086665517615657,0.00177832332623329,-0.19,-0.18,2.7,-0.00999999999999979,-0.11,-0.12,-0.000941820431894058,-0.00412740591342509,-0.000625586507734255,0.117173690756443,-0.000706914942588455,7.25417784645652
1997.5,0.0036303832728013,0.00493019414329776,0.00458543654776378,0.0063999999999993,0.0999999999999996,0.00208659439295289,41,-0.00218790585065953,0.000756700141518962,0.00173543484353367,7.30921236569276,0.0505554068317844,0.00775079404296997,-0.19,-0.22,2.46,0.0599999999999996,-0.12,-0.18,0.00116852923654776,-0.000955833690706065,0.0018744147943508,-0.137808604313719,0.0112420248652949,7.24565506759454
1997.58333333333,0.00449530969097189,0.0092992412664179,0.00850594265971072,0.107600000000005,-0.0999999999999996,0.00242345501443175,41.1,-0.000727006860616441,-0.0015290380838282,-0.000683280486315496,7.27031288607902,0.05441011551118,0.0147846883385238,-0.26,-0.27,2.23,-0.04,0.12,-0.15,0.000261873222983766,-0.00138814367954065,-0.000626753996195717,0.106760149446144,0.0124184278034196,7.27239839257005
1997.66666666667,0.00592257231779492,0.00605125224448599,0.00995494609358527,0.4465,-0.100000000000001,-0.000219332984904952,41.1,0.00433787573684841,0.00686354152755264,0.000198386264705697,7.23705902612474,0.00210522984264649,-0.0402755402834267,0.04,0.0800000000000001,2.28,0.0200000000000005,0.0899999999999999,0.0199999999999996,0.00392896207350368,0.00349954069010039,0.00124300051429671,-0.00854532529448271,0.000605238695468913,7.27862894232068
1997.75,0.00301892375909318,0.000201079125313086,0.00911757545657377,0.165099999999995,0.100000000000001,0.00395683677826142,41.2,-0.0036213406396457,-0.00229152029394974,0.00161494607008006,7.34342622914737,0.0104921949943169,-0.00137294080477851,-0.0499999999999998,-0.0899999999999999,2.16,0,-0.19,-0.04,-0.0045417843613027,0.00139812837564346,-6.18798479035121e-06,-0.0222165005465627,0.00620605214638914,7.30921236569276
1997.83333333333,0.00523778038804679,0.00509723430298248,0.00882784998199604,0.155200000000008,-0.2,0.00282021528424536,41.1,0.00573682041010493,0.000756127991345501,-0.00110825289714356,7.32646561384032,0.0149776656198872,0.0196030146420341,-0.180000000000001,-0.18,2.07,-0.04,0.0199999999999996,-0.0599999999999996,0.000861457077361294,-0.00399917029024532,-0.00062516073747787,0.0786999879095562,-0.000931353939460422,7.3125534981026
1997.91666666667,0.00711902689952915,0.004092366637658,0.00784428889502831,0.189499999999995,-0.100000000000001,0.00242596301111675,41,-0.00503515818375444,-0.00455408166410365,-0.00124533337327737,7.31986492980897,-0.0129520137870101,0.0336586154534105,-0.13,-0.15,1.9,0.0199999999999996,0.17,0,0.000799167517664401,0.00153115513827462,-0.000621688669833809,-0.124281634247009,-0.00259811135884647,7.29233717617388
1998,0.00611701192947578,0.00569471964597934,0.00424944358291679,-0.206800000000001,0.100000000000001,0.00260477528351899,41.3,0.00212988723413066,0.000756127991345501,-0.00026870445483862,7.35627987655075,0.0246687135440977,-0.0174405662972026,-0.0300000000000002,-0.0700000000000003,1.82,-0.0199999999999996,0.0200000000000005,0.0700000000000003,-0.00112183984266068,-0.000632638196248259,-0.000619385879018886,-0.043571971772455,0.00676241122639176,7.28344822875663
1998.08333333333,0.00889975442496826,-0.000891795540672646,0.00437378427594659,-0.0023000000000053,-0.100000000000001,0.00206131893084205,41.1,-0.00498449552116131,-0.00382057257962831,0.00070705857952813,7.32974968904151,0.00102818161135332,-0.0149940587953193,-0.35,-0.27,1.63,0.0599999999999996,-0.12,-0.29,0.00126266740304359,0.00646355893057926,0.000617092566661093,0.00421697608145433,0.00318269733852716,7.34923082461333
1998.16666666667,0.00696581151429498,0.00647219472301863,0.00161748961826813,-0.494099999999989,0,0.00168919635239462,41.1,0.0049693304263565,0.00457608163248935,-0.00101812856278016,7.36770857237437,0.0607906933936659,0.00354112342681712,0.0700000000000003,0.0300000000000002,1.74,-0.0499999999999998,0.0499999999999998,0.0699999999999994,0.00226855589666819,-0.00442908930896913,-0.00123533060799197,0.0523103825499951,-0.000920965307511068,7.40671073017764
1998.25,0.00623539127754569,0.00443873725413635,0.000351591012125674,-0.75800000000001,0.100000000000001,0.00118313881305809,40.9,-0.00213595365842645,-5.86291736937028e-07,0.000678785638184465,7.35691824235602,0.050558951719462,0.0127775983753067,0.12,0.0800000000000001,1.83,-0.0199999999999996,-0.0599999999999996,0.0800000000000001,-0.00183668541188098,-0.00361286874556654,0,-0.0272734280939404,0.00505043767951285,7.38087903556412
1998.33333333333,0.00379391334335466,0.00532986877639985,0.00342538318061347,-0.227999999999994,-0.4,0.00223454863339967,40.6,-0.00212239202415088,0.00229738394700973,0.00108816901173103,7.33953769540767,0.0323184959241978,0.00623839825359951,0,-0.0100000000000007,1.88,-0.04,-0.0800000000000001,-0.00999999999999979,8.26604698325184e-05,-0.00602014634389381,0.00123380644892901,0.0945279604432687,0.0153950794545796,7.34407285057307
1998.41666666667,0.0046499101333275,0.00720785128555423,0.00656971253341165,-0.141999999999996,0.100000000000001,0.00318357545336845,40.9,0.0035273405179681,-0.00306278773485502,0.000125411379462648,7.33693691370762,-0.00340445790000476,-0.0206018463055753,0.0199999999999996,0.0100000000000007,1.81,0.04,0.0499999999999998,0.0600000000000005,-0.000447273776989832,0.0147849116380492,0.00122924898346888,-0.0658674035676583,0.00254007470707585,7.34858753092759
1998.5,0.00579034165416203,0.00661130185940717,-0.00601665528614514,-1.1605,0.0999999999999996,0.00183390876300038,40.8,-0.0042318139532318,0.000764816597231821,-0.00221583783462442,7.40306109109009,-2.7065919047331e-05,0.00741960467554043,-0.11,-0.15,1.57,0.0699999999999994,-0.0199999999999996,-0.0300000000000002,-0.00110869233718525,0.00449425915590851,-0.00123379897766807,-0.0459126798399523,0.00953040591259757,7.34665516317654
1998.58333333333,0.00180407824250572,0.000641107856297118,-0.00385298669351375,-0.842200000000005,0,0.00107813303188031,40.8,-0.000705964034098283,0.00306454840781889,0.0033141637208951,7.43720636687129,0.0425588625772537,-0.00406788454456247,-0.0599999999999996,-0.04,1.61,-0.0199999999999996,-0.0200000000000005,-0.0499999999999998,-2.2168339038231e-05,-0.0100419584564575,0.00122473250683619,0.114484681734221,-0.00712631953939713,7.38398945797851
1998.66666666667,0.00377452972990966,0.00455603502528845,0.0204919010582776,1.47239999999999,0,0.00264284568168449,40.9,0.00914334067821088,-0.0045959422752464,-0.00108834749625064,7.38647084882989,-0.0735002638137372,-0.00579641026187255,-0.19,-0.12,1.59,0.00999999999999979,-0.0599999999999996,-0.15,0.00120848798100859,-0.000293022316516733,-0.00122924906566979,-0.0827736792086484,-0.00762559971118648,7.41095187558364
1998.75,0.00342153659708444,0.00740508707192244,-0.000532327914960717,-0.523699999999991,0.0999999999999996,0.00156342564121026,40.6,-0.00703286817851101,0.0022979711376232,-0.00195588988277695,7.3664451483276,-0.0515372292042828,0.0290085167745076,-0.649999999999999,-0.53,1.58,-0.04,-0.29,-0.5,0.00327468414280041,0.00211599048559474,-0.00061293198449075,0.164936314349592,0.0108895254819057,7.36327958696304
1998.83333333333,0.00180705378852686,0.00336655420341447,0.00681299909485134,0.243700000000004,-0.0999999999999996,0.00161612692994595,40.9,0.00348991523351616,0.00382702342330177,0.002769459933881,7.44716835960004,0.0115241082293451,0.00716679112202734,-0.44,-0.279999999999999,2.11,-0.44,-0.65,-0.59,0.000195082745321429,0.0115766729572604,0.00183168750107043,-0.150623910665615,0.0165047440880155,7.44949800538285
1998.91666666667,0.00473575082622091,0.00271028497821568,-0.000758427164532449,-0.297600000000003,-0.0999999999999996,0.00214816092301717,40.8,-0.00279719237855058,-0.00459125731605781,-0.00215058557972991,7.41457288135059,0.102952706719644,-0.0198486623501108,0.36,0.3,2.51,-0.24,0.45,0.41,-0.000432122069842222,-0.0100981566485991,-0.00122398306621463,-0.0750119306206285,0.00598609539014383,7.42177579364465
1999,0.00234999667283198,0.00813388491040179,0.00452014959345082,0.0874999999999915,0,0.00292759326425518,41.1,0.0013869520351939,0.00457957617840865,0.000968235898680447,7.49108759353488,0.0390886265869828,0.00582252012598916,-0.0899999999999999,-0.18,2.55,-0.15,-0.0200000000000005,-0.0100000000000007,-0.00229366091837591,-0.014466238785829,0.000606972179773457,-0.0171228557132683,0.0106671697146012,7.46278915741245
1999.08333333333,0.00389233752433604,-0.000843223035595919,0.00431124510497849,-0.175399999999996,-0.100000000000001,0.000814746964309165,40.7,-0.00208598807512539,-0.000773514845167966,0.000391224976300286,7.46622755621548,0.0481637438209077,-0.0126484851963891,0.149999999999999,0.0699999999999994,2.66,-0.0499999999999998,-0.0499999999999998,-0.00999999999999979,-0.000407249463915349,0.00218650810547949,-3.32996452012679e-06,0.230607078893348,0.000537042408032207,7.45703208912238
1999.16666666667,0.00412199332008001,0.00472224614958261,0.00606307965034691,0.344200000000001,0.100000000000001,0.0032679767646151,40.8,0.00207636302844394,-0.0068455596797321,-0.00196197798836462,7.4205789054108,-0.00175526524317249,-0.0135475312990964,0.31,0.28,2.63,0.13,0.100000000000001,0.19,-0.00107754720410647,-0.000434423195506461,-0.00182315456151461,-0.137880637222085,0.0127251699034385,7.4500795698075
1999.25,0.00114557483928657,0.00477742493889188,0.00226605268944624,-0.367199999999997,-0.2,0.00091281101399332,40.5,0.000681765291661751,0.00608770734707864,0.00131685825312466,7.44424864949671,0.0277523110902864,-0.00387824057151143,0.23,0.23,2.72,0.0499999999999998,0,0.0800000000000001,-0.00362966004220588,0.0110804218691447,0.000606980291776971,0.236969183966666,0.0054955438462585,7.41758040241454
1999.33333333333,-0.00288714143567148,0.00597062752589927,0.00229598609150639,-0.0729000000000042,0.0999999999999996,0.00281121086595171,40.7,0.000674703145539191,0.00226838480262881,0.00406302692830973,7.34794382314869,0.0405953876942995,-0.00767758089903425,-0.0599999999999996,-0.0500000000000007,2.74,-0.0699999999999994,-0.15,-0.0899999999999999,0.0049410325133028,-0.00604984182071799,0.00604559942925054,-0.0314897854727225,0.00790128572542237,7.37775890822787
1999.41666666667,0.00227608895062126,0.00460398904126258,0.00630264725838536,0.299000000000007,-0.0999999999999996,0.00169380945518327,40.7,0.00203152294037512,-0.00303950031782918,-0.00416471445361566,7.38461038317697,-0.0020173771198877,0.00403188835120671,0.36,0.36,2.98,0,0.21,0.159999999999999,-0.00095518947430584,-0.0085258975836755,-0.0060499885608829,-0.144523730324862,0.00702636250667865,7.40245152081824
1999.5,0.00360698407599891,0.00420178315153397,-0.000784677912008647,-0.538700000000006,0.0999999999999996,0.00210161498385553,40.8,-0.00139454223535829,-0.000757287210633173,-0.0003484312637827,7.35179986905778,-0.00717243207090501,-0.012708867789251,0.369999999999999,0.36,3.26,0.0199999999999996,0.0700000000000003,0.25,-0.000651240548620535,0.0135688338001785,-0.000602591160144605,-0.0155131629698255,0.00386581848379208,7.43955930913332
1999.58333333333,0.00246890271333555,0.00169100380781018,0.0057695023180111,-0.0109999999999957,0,0.00261502783389211,40.8,-0.0020516679472844,0.00150772545325673,0.00234933207157351,7.41997992366183,0.0432389420523132,-0.0125549739112552,-0.13,-0.11,2.96,0.23,-0.0200000000000005,-0.0699999999999994,0.00118981761233528,0.00109653892001482,0.00420800140020461,0.107127883688416,0.0077268898520888,7.42773884053289
1999.66666666667,0.00456939437835047,0.00522249892769722,0.00400724316362489,0.149299999999997,-0.0999999999999996,0.00115832812166694,40.8,-0.00135868588932908,0.00374723866688775,-0.000838312209408443,7.40731771046942,-0.0395106921224224,0.0193033124428938,0.16,0.15,3.08,0.0800000000000001,0.17,0.17,-0.00225250535037169,0.00188401081056266,-0.00181135555560452,-0.0573830551820635,0.0102197057802691,7.42117752859539
1999.75,-0.000556504381957978,0.00499951952528122,-0.00404526104545244,-0.655500000000004,0,0.00153464746730236,40.9,0.0033685823874845,0.0014521846994473,0.00176605244226025,7.39939808333135,-0.00704553007817221,0.0117011085851211,-0.04,-0.0200000000000005,2.98,0.149999999999999,-0.04,0.0499999999999998,-0.0002770562078247,-0.00470752885484238,0.00178371258715782,0.0586127055050443,0.00465735907381593,7.34665516317654
1999.83333333333,0.00590032754837466,0.00219730692666964,0.0121488838987993,0.7881,-0.100000000000001,0.00313138602242979,40.9,-0.00337677245157186,-0.00820649215443403,-0.00189991291177449,7.38274644973891,-0.0138724543251287,0.019806247867542,0.23,0.19,3.18,-0.0199999999999996,0.180000000000001,0.18,0.0016873732471705,-0.00289766676791903,-0.00239411205029416,-0.169536950800019,-0.000835548107334105,7.4079243225596
1999.91666666667,0.00683108083433481,0.00490391870787477,0.00483567610142455,0.193600000000004,0,0.00220991173561735,41,-1.80656886561437e-06,0.00445710607750538,-0.000787710175674583,7.40731771046942,0.0676509561957079,-0.0223946876216446,-0.0600000000000005,-0.0800000000000001,2.73,0.22,0.21,0.12,-0.00106734814741394,0.017883305684296,-3.18498780771392e-06,0.151279886146119,0.0129332398960749,7.42177579364465
2000,0.00814520400166963,0.0118969356202374,0.00768353383514686,0.224699999999999,-0.0999999999999996,0.00242680473860446,40.8,0.00200690333881504,-0.00149193472950682,0.00142951855294271,7.44307837434851,0.0267280281095728,-0.00451495958238907,0.220000000000001,0.25,2.89,-0.12,0.13,0.29,0.00179510654820803,-0.0210979375028035,0.000589418959974886,-0.0544632181899294,0.0198608870986838,7.42833319419081
2000.08333333333,0.00894144176114331,-0.00242736528166887,-0.00136898538531405,-0.355699999999999,0,0.00174182798417988,40.9,0.000655258923392577,-0.00222140039515395,0.000392157108337621,7.40000951716269,-0.00216517793142135,0.0167203305186912,0.39,0.38,2.88,0.15,0.12,0.28,0.000136271705157398,0.00219699769249448,0.00058522662360172,-0.00218096110222499,-0.00672949023957159,7.45414107814668
2000.16666666667,0.00411199942272411,0.00936605739070373,0.00311842571099064,-0.150000000000006,0.0999999999999996,0.000831645294013583,41.1,-0.000679769082297721,0.0103017835278258,0.000429943209304007,7.4599147662411,-0.0260952962399026,-0.0249364852900316,0.0999999999999996,-0.140000000000001,2.56,0.28,0.23,0.0999999999999996,-0.00323614997815014,0.0104449463988967,0.00116844093393986,0.0354984658865627,0.015708807542433,7.43366654016617
2000.25,0.00277823456828052,0.00490602666718498,0.00354941252967933,0.179500000000004,-0.0999999999999996,0.00368447913049685,40.9,-0.000673055277245815,-0.00519041789059038,0.00113355775138313,7.38025578842646,0.037686192447989,-0.0126420753490692,-0.18,-0.26,2.52,0.119999999999999,0.140000000000001,0,0.00371299977344108,-0.00317164804078285,0.00173897154122571,-0.058579707529367,0.0124668487051238,7.40913644392013
2000.33333333333,0.00536214505510912,-0.000292222500290151,0.00593458141104719,0.1678,-0.2,0.00212533478107346,41.1,0.0019725280904308,-0.00802894611675775,-0.00511118858339632,7.39387829010776,0.0131908496587476,0.00151793084613416,-0.24,-0.27,2.38,0.17,-0.0300000000000002,-0.0699999999999994,0.00527782752797457,-0.00109709596779872,-0.0064500858335137,-0.167709204149607,-0.0185791502513712,7.37588214821501
2000.41666666667,0.00358692970314323,0.00374857315095145,0.00270403205340664,-0.325500000000005,0.2,0.00167431257838757,40.7,-0.00462504953956211,0.00364777401324456,0.00166044011197819,7.36201055125973,-0.0297816332196952,-0.0474323049570887,0.430000000000001,0.45,2.63,0.25,0.13,0.18,-0.0143772894372294,0.00719532048167082,0.00233883996721218,0.261112273419107,0.00726337431505364,7.34148385236316
2000.5,0.00284522854084912,0.00212329743389628,0.000390456726382382,-0.185099999999991,0,-0.000317979470290553,40.7,0.00329055907309872,0.0072669410533992,0.00255157986535703,7.35179986905778,0.0301921254055832,0.000132529322306618,-0.390000000000001,-0.340000000000001,1.95,0.260000000000001,-0.0999999999999996,-0.16,0.00629792255622341,-0.0055181390340735,0.00407025469989186,-0.0109059594564616,0.00658747618639666,7.36010397298915
2000.58333333333,0.00531368984699299,0.000697086786483503,-0.00195273245358862,-0.245500000000007,0,0.00124862383839819,40.9,-1.07922760972379e-05,-0.00727328366879831,-0.000876602020900563,7.28824440102012,0.00752313630831392,-0.00106072669717505,-0.12,-0.0499999999999998,1.81,0.00999999999999979,0.27,-0.0899999999999999,-5.58024812011837e-05,-0.00485530101862786,-0.0029247351269861,-0.167636606101096,-0.00774984054353389,7.34083555412327
2000.66666666667,0.0054566173537296,0.00512606286156814,-0.00272663339275514,-0.809799999999996,0.0999999999999996,4.53751389688506e-05,40.6,-1.07217150975281e-05,-0.00289697745263684,-0.00257282349811216,7.34018683532012,0.00842335111687564,-0.0124813901314756,-0.12,-0.22,1.76,-0.04,0.13,0.0999999999999996,0.00216737877114781,-0.00253360738417019,-0.00289939315900245,0.114465806325918,0.00451398522254998,7.34729970074316
2000.75,0.000919661973284747,0.00822765781710189,0.0046040830248808,0.110900000000001,-0.2,0.000778619011182258,40.6,-1.06518438447445e-05,0.0101182748657491,0.00435953560458824,7.3178761986265,-0.0117894990395682,-0.0378488290408387,-0.13,-0.0300000000000002,1.83,0.0199999999999996,-0.0899999999999999,-0.0499999999999998,0.00151169240397309,-0.00159149013354298,0.00519781707361755,0.0342082146369669,0.0135392683914421,7.35883089834235
2000.83333333333,0.00256510000247623,-0.000616165037084393,-0.00389338471770717,-0.626800000000003,0,0.000113340562062803,40.8,0.00193305255519105,-0.00435448020070694,-0.00293260156438446,7.34536484041687,-0.0545305280626005,0.011788500708646,-0.149999999999999,-0.0599999999999996,1.83,-0.00999999999999979,0.11,-0.12,-0.0040695609131518,0.00372075631235091,-0.00347119793963024,-0.105661954324931,-0.000680395395121991,7.36327958696304
2000.91666666667,0.000624253889373705,0.000916944918609275,0.000279604474845208,-0.497699999999995,0,0.00154015764208992,40.5,-0.00196042521180395,0.00141470520834108,3.84473122139184e-05,7.34665516317654,-0.00874226174882775,-0.0172442042457839,-0.0800000000000001,-0.0200000000000005,1.77,0,0.0599999999999996,0.0800000000000001,-0.000973042757092202,-0.00351154894995709,-2.97607582222525e-06,0.0630236938522253,-0.00552312374750663,7.38647084882989
2001,0.00233386184055995,0.0045721550165867,-0.00326837072030717,-0.756200000000007,0,0.00120630914233288,40,-0.00387639007787,-0.00286785916575916,0.000132158385357961,7.33432935030054,-0.0347842537524707,0.0256877073005124,-0.53,-0.48,1.62,-0.109999999999999,-0.4,-0.49,0.00681620492694535,0.00239934646033468,0.000569935928933951,-0.228684665941508,-0.00190622335211366,7.34148385236316
2001.08333333333,0.00606478038643488,0.000213807702167834,-0.00477086935092341,-0.564399999999992,0.3,-9.79583225788616e-05,40.2,0.0019356922560938,0.0063671437495243,0.00329942977432918,7.37775890822787,0.00352514465611264,0.00993070329621282,-0.31,-0.0800000000000001,1.95,-0.42,-0.619999999999999,-0.79,0.00108270463625537,0.0040019240494189,0.00341745880841593,0.228155836338594,0.0167884228145851,7.43779512167193
2001.16666666667,0.00235056963022728,0.000498706934525472,-0.00653476513437035,-0.795100000000005,0,0.000640323046010138,40,0.00192821880212835,-0.00709422045347274,-0.00328247068960064,7.39326309476384,-0.0226255023157433,-0.0170652605541871,0.0299999999999994,-0.0600000000000005,2.38,-0.49,-0.27,-0.13,-0.00249273498472569,-0.00779018260133491,-0.00343572395837999,-0.0375851797901006,-0.000931242138909383,7.4121603349452
2001.25,0.00364432845254647,-0.000826564105773642,-0.00205241175524229,-0.420599999999993,0.0999999999999996,-0.000278678463347504,40.1,0.000630084099495498,-0.00635569657621726,-0.00145360393634775,7.37148929521428,-0.0963177713055048,-0.00552296881977637,-0.25,-0.21,2.53,-0.180000000000001,-0.46,-0.38,0.00371129157633732,-0.00172599068520096,-0.00170729337312547,-0.0844393456630352,-0.0103494905685793,7.41397029019044
2001.33333333333,-0.00181407775703768,-0.000670303444358922,-0.00359638067233892,-0.558600000000013,0.100000000000001,-0.00220957900529761,40,-0.00384862566129396,0.0105949916489747,0.00166389627059349,7.4079243225596,0.00335902727343917,-0.0067377742481623,0.12,0.25,3.27,-0.51,-0.55,-0.32,0.00113588179299384,-0.00116743155493459,0.00113410760652055,0.0896470898655717,0.0168682683257124,7.41818082272679
2001.41666666667,-0.00239001869704047,0.00427083389329219,-0.00478734478563148,-0.62169999999999,-0.100000000000001,-0.000377549406824329,40,0.00510856794272252,-0.00353928504757395,0.000872807000575904,7.38087903556412,0.0654893523201272,-0.00580157500457279,0.17,0.25,3.86,-0.59,-0.25,-0.2,-0.0129606344779134,-0.00221388775702902,0.00338694143694163,0.0376750027443671,0.00494022041536724,7.41758040241454
2001.5,-0.00109258785962929,0.000624858007152618,-0.00529424391733713,-0.633400000000009,0.2,-0.000815993517328195,40,-0.000659879322037593,-0.00563033849232486,-0.000867250354826155,7.40000951716269,-0.0252376810971651,-0.0173241030590194,-0.12,-0.109999999999999,4,-0.24,-0.13,-0.2,0.00868596005032174,-0.0062820072941312,-0.0028355474270283,-0.0808850011470903,-0.00470701995665479,7.39387829010776
2001.58333333333,5.45195743200111e-05,0.00212726811461472,-0.00642480327145289,-0.589699999999993,0.0999999999999996,-0.000967966438748746,40.2,-0.00128312725612423,-0.00854126975728597,-0.00209382391568003,7.4205789054108,-0.0280474843143992,0.00908838973679027,-0.0499999999999998,-0.04,4.2,-0.2,0.0199999999999996,0.04,-0.00256068248667418,0.00372205881947441,-0.00394318736556976,-0.00557104504945594,-0.00502583366704101,7.37650812632622
2001.66666666667,-0.00135038058944126,0.00566477708003799,-0.0011484395650907,-0.470100000000002,0.300000000000001,-0.00114310384031668,39.9,-0.000640307497366877,0.0163346715324471,0.000211878252827979,7.35691824235602,-0.0217805878167194,0.0157085979080381,-0.19,-0.27,4.2,-0.12,-0.15,-0.15,0.000711075922630755,-0.000158245149984637,0.00168966528512637,0.0803979562216699,0.00933388947439973,7.38709023565676
2001.75,0.000513081192016429,-0.0128304128361831,-0.00507787600476384,-0.454300000000003,0.0999999999999996,-0.00195614656135312,39.7,-0.000635489525270927,-1.8185207243171e-05,-0.00329128074019813,7.35372233039963,-0.120570114937863,0.018339017927763,-0.45,-0.239999999999999,4.96,-0.58,-0.72,-0.65,0.0145363809292984,0.0110541121852403,0.00393812042013586,-0.0974623722773562,-0.0257477328247742,7.35564110297425
2001.83333333333,-0.00218686741348151,0.0254426503709393,-0.00274521945434181,-0.423299999999998,0.3,-0.00236308830973542,39.6,-3.56447431038021e-06,-0.0206666821299288,0.0069269855054781,7.33953769540767,0.030126310144559,-0.00940327461327728,-0.21,-0.16,5.42,-0.58,-0.48,-0.49,-0.0231153189902162,-0.0170065561942581,-0.00674948015768173,-0.0933038012518814,0.0717356585262259,7.35627987655075
2001.91666666667,0.000431576617193841,-0.00358131135338091,-0.00606546008531872,-0.405199999999994,0.2,-0.00234580984660226,39.8,0.00312634195593153,0.012807749056492,-0.00419227787846843,7.3790081276283,0.0481357681781143,-0.0100496392803973,0.0600000000000001,0.0800000000000001,5.72,-0.4,-0.29,-0.15,0.010256812522929,0.00294183001324644,0.00224813809494684,0.0314798262209957,-0.0302450669364056,7.40913644392013
2002,0.00165948532808535,-0.00113140354982022,-0.000427509807400916,0.0318999999999932,0.2,-0.00122841233635285,39.9,-0.00126955554470953,-1.30329668897033e-05,-0.000358658840527326,7.35755620091035,0.0134090929873212,0.00396260381560487,0.419999999999999,0.44,6.23,-0.27,-0.18,0.04,0.00164506793350228,-0.00167610226395531,-3.17397391924601e-07,0.10401166632464,-0.0134129829554599,7.4265490723973
2002.08333333333,0.00186525619107236,0.00160593251894792,0.00663306484117054,0.375500000000002,0,-0.000947136129953563,39.8,-0.00125542280703295,0.00144036104759238,0.00193634812111743,7.43720636687129,-0.00413104379813678,-0.0063337605162177,-0.0499999999999998,-0.0499999999999998,6.14,-0.0900000000000001,-0.04,-0.0600000000000001,-0.00604687005016835,0.00267647026954165,0.00225320432511733,0.0348726783614568,0.00301028167267248,7.41758040241454
2002.16666666667,0.000121560931185982,0.00395494116591877,0.000115224682609494,-0.0738000000000056,0,-0.000932736042180693,39.8,0.000613214206446777,0.00435255884519137,0.000780349440048234,7.51152464839087,-0.0352933706752081,-0.006655248915718,-0.04,-0.13,6.15,0.01,0.0700000000000001,0.0699999999999998,0.0016084304636621,0.0142011230649821,-2.85015364731578e-06,0.0355332312196848,0.00623738542084418,7.48829351515943
2002.25,-0.000629800460439256,-0.000194595797344377,0.00721233269492316,0.42110000000001,0,-0.000114740743414998,39.9,-0.00124491571656815,0.00360408349290342,0.00102723142545891,7.40367029001237,0.0471330904969101,0.000210844432731061,0.44,0.37,6.38,-0.01,0.0700000000000001,0.34,-0.00320409562055701,-0.00889050598047625,0.00111823579613013,0.110368695480764,-0.00283689152245259,7.43307534889858
2002.33333333333,0.00124582774301452,0.00532380744185001,0.00487100216567971,0.175399999999996,0.2,-0.00081121004838991,40.1,-3.43784444112316e-06,-0.00650108366741708,0.00146589783559037,7.37274636640433,-0.0369549315830549,0.0138876582133577,-0.0899999999999999,-0.0700000000000003,6.28,0.02,-0.0800000000000001,-0.0899999999999999,-0.00212880272815141,-0.0072049976215407,0.00166672846378368,-0.0903131308662877,0.0109724182375679,7.41997992366183
2002.41666666667,0.00275859848600923,-0.00387914203341477,0.00400962846735986,0.321899999999999,-0.100000000000001,0.000122488976145974,39.9,0.000612148910922539,-0.00144456338529864,-0.00351838432949414,7.47533923656674,-0.0298308887532412,0.0116444627143218,-0.16,-0.0499999999999998,6.34,0,0.02,-0.13,0.0047323415778795,0.00177435349354749,-0.00335695207414677,-0.0448754061802856,-0.00778775362458539,7.44775128004791
2002.5,0.00244598328404066,0.00335356873150428,0.00821501923644785,0.694000000000003,0,0.000321462196518851,40.1,-6.05918995422172e-06,0.00505128902635121,0.000590100475212019,7.44833386089748,-0.0623437266130935,0.016239527939216,-0.3,-0.23,6.2,0,-0.03,-0.15,-0.000238525138074763,0.00277851675360541,-0.000557879377479864,-0.0852646028900677,0.00521996494471111,7.47193207824512
2002.58333333333,-0.00299632705428365,0.00660487078266847,-0.000321970639499902,-0.0841999999999956,0,-0.000688974144793519,39.8,0.000606152979695462,-0.00432796620603604,0.000954488507661999,7.41155628781116,-0.11530219013362,0.0479007429249149,-0.38,-0.279999999999999,6.17,-0.02,-0.02,-0.24,0.00314771966796989,-0.000460262674215173,0.00166774708234474,0.111264586561092,0.01323110340096,7.46049030582534
2002.66666666667,-1.91870160968222e-05,0.00145574426587292,-0.0011111535235635,0.0668999999999897,-0.0999999999999996,-2.29739819666008e-05,39.9,-0.000619677824836184,0.0021632018818849,-0.000239970580537374,7.39817409297047,0.00986716078715588,-0.012737378427316,-0.52,-0.390000000000001,5.84,0.01,-0.0599999999999998,-0.2,-0.000129166320276042,0.00313989231363099,0.000549231860614618,-0.00207721175595044,0.00604515519684234,7.43543801981455
2002.75,0.000572365536104513,-0.00463552848998905,0.000848648696599064,0.0335000000000036,0,-0.000605171553958783,39.9,0.000602864631186861,0.00287718001454973,-0.000160320602192066,7.49776170062257,-0.050270081785686,0.0126088767566175,-0.35,-0.39,5.65,0.01,0.00999999999999979,-0.04,-0.00328297636884578,-0.00192632653620528,-0.00111325669758511,-0.00762073817884446,-0.0170037327306538,7.49720722320332
2002.83333333333,0.00169599007280929,0.0040727088862651,-0.00208483633693479,-0.184299999999993,0,0.000880824508636024,39.8,0.00059735089807722,0.00213225412945128,2.27960926437731e-05,7.40731771046942,-0.0153041699542662,0.000770762450643947,0.0100000000000002,0.0699999999999998,5.98,0,-0.0499999999999998,-0.0700000000000001,0.00363327518245526,0.0029519175183248,0.000549275465662191,-0.0724782039194563,0.00665245962284189,7.49498623395053
2002.91666666667,0.0021772661020556,0.00285201273791547,0.00558657591731837,0.383899999999997,0.2,-7.65600058194593e-06,39.7,-0.00182757300100622,-0.00573067470898447,-0.000835257203069872,7.46908388492123,0.0626990467391639,0.0086940392919434,0.0999999999999996,0.11,6.28,-0.41,-0.35,-0.16,0.00101570179354837,0.000671312758449893,-0.000555685554776808,-0.0656559479080379,0.00165269447945349,7.47929963778283
2003,0.00221504851218413,0.00652348302453021,-0.00557662729091923,-0.427800000000005,0.0999999999999996,-0.0011567292666772,39.9,0.00361552401104692,-0.0021451563463879,-2.69602811515668e-05,7.48885295573346,-0.0118844365760538,0.00962824946085794,-0.02,-0.0199999999999996,6.21,-0.1,-0.04,-0.04,-0.00520423355137822,-0.000574642985640139,-2.73205755263461e-06,0.206929500732503,0.0113604494471193,7.54750168281497
2003.08333333333,-0.00278885719061073,-0.000136039614946348,0.00848540572389922,0.621099999999998,-0.2,0.000827465780172787,39.8,-0.00483128973027291,0.0121167489422405,0.00202181928849487,7.52456122628536,-0.00372141129860459,0.019477486960646,0.02,0.0199999999999996,6.11,0,-0.02,-0.0899999999999999,0.00194976838636229,-0.00483474704076237,0.0027392583790169,-0.000234101899640571,0.00699112707833116,7.49997654095212
2003.16666666667,-0.00354510004790853,-0.00322956763341775,0.00118742092792701,-0.0799999999999983,0.100000000000001,-0.00101144008561427,39.5,0.00120156119705195,0.00130407302816948,0.0012172708753786,7.39572160860205,-0.0679019134595205,-0.00595276762468966,-0.15,-0.15,5.8,0.02,0,-0.0600000000000001,0.000549889974431395,-0.00138382980537965,0.00107072360803162,-0.0277994427815056,-0.0138171877274633,7.5251007461258
2003.25,0.00147575893791618,0.00572973878426275,-0.00263197134762905,0.0897999999999968,0,-0.00158050639784513,39.9,-3.24649500260676e-06,-0.00220689053081191,-0.00163736167674777,7.45356187164337,0.0114038511790167,-0.0159231047320347,-0.12,-0.0899999999999999,5.7,-0.01,-0.04,-0.0600000000000001,-0.00274386755365086,0.00563346620190597,-0.00382885660163623,-0.152077994921197,0.0121529303820562,7.4713630881871
2003.33333333333,0.00411069096885441,0.00471156149747909,-0.005974715309085,-0.5184,0.0999999999999996,-0.000476175856128691,39.5,-0.000601858012038825,-0.0216475573000707,-0.00426333098671261,7.40427911803727,0.0499914067031773,-0.00544925946077596,0.15,0.15,5.59,0.01,0,0.03,0.00285399309214363,0.00117197079428344,-0.00544633279413098,-0.10507897769874,0.00303518761153221,7.49720722320332
2003.41666666667,0.0073345522641457,0.00320953966483284,-0.0002727794308095,0.0461999999999989,0.0999999999999996,0.000184353036585705,39.8,0.00238805313911827,0.0104668490037172,0.000552070005878313,7.46794233228585,0.0503175704984331,0.0303499188393087,-0.41,-0.39,5.12,0,-0.0599999999999998,-0.0900000000000001,0.00377313180707084,-0.00974725809769517,0.00217478252703529,0.168041999919034,0.00195620379245831,7.51479976048867
2003.5,0.00324991578940015,0.00534430319169399,0.00127711471155134,0.3476,0.2,-8.44909230366397e-05,39.8,-0.00120258427595088,0.00773387351993726,0.00223089712957325,7.53208814354172,0.0541099572261787,0.0234530897080891,-0.25,-0.24,4.97,-0.04,-0.15,-0.17,-0.0039085065678055,0.00507805586378307,0.00273179312685556,0.0916232624994349,0.0138938270240629,7.53636393840451
2003.58333333333,0.000901898805693691,0.00450297729728355,0.00512513555059879,0.252500000000012,-0.0999999999999996,-1.53627530057321e-05,39.6,-0.000599669561775151,-0.00492141489409992,0.00185106138567637,7.54802896993501,0.00458461626836559,-0.0236380180488842,0.6,0.65,5.61,-0.21,-0.02,0.11,0.00161671093164983,0.0118394797975334,0.00217864425696934,-0.086420620235256,0.00859844111673347,7.54168309988211
2003.66666666667,0.00157833276499808,0.00881343639637677,-0.00218415781997461,-0.331100000000006,-0.100000000000001,-0.000238152856846696,39.8,-3.1774225064396e-06,0.00558221775680057,0.000439779567539489,7.5137092478397,-0.00303723109060794,-0.0175377629310616,0.5,0.47,5.98,0.02,0.0499999999999999,0.19,0.00175909615538927,-0.0175261733798067,0.00107393071888673,0.0253242338185782,0.0113630147817876,7.58375630070711
2003.75,0.00145700966680629,-0.0029115184273909,0.00642675170213902,0.631699999999995,0,0.000760354100494354,39.9,0.000588724984323274,-0.00419723668847283,-0.000253901843509041,7.56992765524265,0.0297786529783979,0.0134606631395456,-0.19,-0.180000000000001,5.78,-0.02,-0.01,-0.0700000000000001,-0.0140392042162407,0.00226249730093286,-0.00109871516063098,-0.136957699677068,-0.00224222458367684,7.58120982619635
2003.83333333333,0.0038207587050465,0.00161561620564932,0.00123085675841761,0.0992000000000104,-0.0999999999999996,0.00143464892975764,40,-0.00296156046463691,0.00345467388459397,-0.00299249896817511,7.58426481838906,0.0187453561693243,0.0386729832418703,0.00999999999999979,0.0200000000000005,5.72,0,-0.0199999999999999,0.01,0.00289992851947929,-0.00357797137440308,-0.00432783728524377,0.179961165887532,-0.00239815497282514,7.60688453121963
2003.91666666667,0.00575697321809621,0.00572628921532115,0.00668259204919686,0.661699999999996,-0.2,0.000314273781039986,40.2,0.00354784951351839,-0.00692235060256774,0.00113536893090682,7.64156444126097,0.0106961084475481,0.00623350886018081,0.1,0.00999999999999979,5.66,-0.01,0.01,0.0900000000000001,0.00250243287916518,0.00845034542323386,0.00162176787161972,-0.0448800340168414,0.00410951689222649,7.55903825544338
2004,0.00037265234113093,0.00131478627370551,0.000295946029409855,-0.0464000000000055,-0.0999999999999996,0.000835028336060972,39.9,-0.00177601726435084,0.00483402039242975,0.000940266099918929,7.62900388965296,0.0288585366763066,0.0359786575606393,-0.02,-0.0300000000000002,5.62,-0.02,-0.03,-0.03,-0.0011855368110254,0.00757006868345478,0.00215837028391785,0.00877732424279332,0.00422905476710334,7.59438124255182
2004.08333333333,-0.00194297536343413,0.00324013322699113,0.00152062621903415,-0.0486999999999966,0,0.00127800434467851,40.1,0.00117577255261025,0.00204644547312061,0.00165667584633056,7.55538194424027,0.0468917800481998,0.0413242661684482,-0.15,-0.119999999999999,5.44,0.02,-0.02,-0.0700000000000001,0.00164544374516673,-0.0102063743826841,0.00160433859088904,0.0303316585899234,0.00428409717860312,7.57660976697304
2004.16666666667,0.00131503592434257,0.00202793383861533,0.00601430610916065,0.593299999999999,-0.100000000000001,0.000496985601470712,40.2,0.000581145980850462,-0.00618393159278074,-0.00173320761594198,7.5207764150628,0.00952605758964253,0.0226396151293428,-0.0500000000000003,-0.0700000000000003,5.26,0.01,0.05,0,0.0051405476180264,0.00619442247546154,-0.00215862261991973,-0.050236460276448,0.00634421874793389,7.58375630070711
2004.25,0.00360989803693101,0.0056954219263643,-0.00400875584876825,0.00249999999999773,0.2,0.00243547824050516,40.2,-0.0005935662753358,0.00342536369530233,-0.000585160365868198,7.5999019592085,-0.0170953381340224,-0.0223109920570458,-0.28,-0.25,5.11,-0.01,0.0099999999999999,-0.05,-0.000626500442660216,-0.0032256487636948,-4.59020776588659e-06,0.0428971117480863,0.0181163311730046,7.63336964967958
2004.33333333333,0.00322051248179456,-0.000819080725239729,0.00370749917580682,0.263100000000009,-0.2,0.00207197124614922,39.8,-0.00117370262137095,0.0040769312379787,0.000312752483655032,7.60240133566582,0.00831071437007314,-0.0126751393856659,0.6,0.52,5.46,0,0,0.24,0.000756407219096644,-5.02449220238788e-05,-0.000538046208090392,-0.0584245957948233,-0.00685119624774266,7.63530388625941
2004.41666666667,0.00525948566171408,0.00525385030581038,0.00719775070673734,0.555499999999995,0,0.00216640336488538,40.2,-1.36634467606811e-06,0.00130246545940516,0.0013919430741236,7.59135704669855,-0.0273524077406044,-0.00952892334587829,0.46,0.37,5.75,0,0.0800000000000001,0.35,0.00567712900179096,0.00315800987679538,0.00265772082268079,0.0952568886034668,0.012062638381984,7.67322312112171
2004.5,0.00099874657221477,-0.00514980286008182,-0.00783283880618857,-0.502099999999999,0,0.000736268065185897,39.9,-1.36315600629544e-06,-0.00811912443850371,-0.000398749365825068,7.5109777520141,0.0268228682510623,0.0231892844861141,0.0800000000000001,0.0100000000000007,5.75,0.03,0.25,0.34,-0.0119626785533598,0.00968422817604253,-0.00054730999077357,-0.151093560273249,-0.00632363465817321,7.61085279039525
2004.58333333333,0.00352847661694611,0.00875313111618059,0.00744387968366667,0.6845,-0.0999999999999996,0.000455152332168751,40.1,-1.35997848538238e-06,-0.00134861787129381,-0.00192102851549247,7.60190195987517,-0.024042862566823,0.00866089244193557,-0.24,-0.23,5.36,0.23,0.0600000000000001,-0.02,0.001749909460246,0.00305530281078603,-0.00265434619923699,0.125612755743393,0.00822803317261744,7.65539064482615
2004.66666666667,0.00398015513609273,0.00369315128659409,0.00067096671936806,0.329799999999992,-0.0999999999999996,0.000644444719471338,40.1,0.00174232279276554,0.00404403729296643,-0.000413551117015132,7.61283103040736,-0.0154095240183665,-0.0128273367126409,-0.22,-0.22,5.03,0.17,0.15,-0.0800000000000001,0.00213470357362233,-0.00502973245352756,-0.000529520203581768,0.0314758797902694,-0.00157014383498044,7.62851762657506
2004.75,0.0012275286297232,0.00643994723109298,0.0012701843581544,-0.00579999999999359,0,0.00113624324797534,40.1,0.00172717841394832,-0.00135042930633933,0.00146140592494692,7.5522372875608,0.0260324679763304,-0.0147207970968847,-0.11,-0.15,4.66,0.18,0.17,0.1,0.00119505319759483,-0.000940324128821501,0.00263754860468435,-0.0771203226990713,0.0198976400946265,7.62119516280984
2004.83333333333,0.000531957711928044,0.00234544403250858,0.00849531273723336,0.632500000000007,0.0999999999999996,0.00257071493994943,39.9,-0.00405713481976422,0.0146553512311076,0.0023108389155917,7.63626960337937,-0.000402707992932072,0.00777479342584031,-0.00999999999999979,-0.0300000000000002,4.45,0.15,0.11,0.11,-0.00109462399591465,-0.00126961605106946,0.00208864328030867,0.122962309616643,0.00323939382725058,7.64826303090192
2004.91666666667,-0.00264968115167008,0.00179360836762754,0.00248035545099423,-0.0638000000000005,-0.0999999999999996,0.000558633928136487,39.9,0.00115373447989331,-0.0100656058266262,-0.000439207127094221,7.48549160803075,0.0452628492554963,0.028897442012787,0.18,0.0900000000000007,4.27,0.17,0.31,0.27,-0.000190407024390993,0.00629929492092085,-0.000548981800946535,-0.237190916735628,0.00639755795505792,7.63964228785801
2005,0.0332320278735665,0.00653655055342472,0.0079362410009356,0.5291,0,0.000958009826865336,40.1,-0.000578864284469738,-0.0105475937817134,-0.00331370215006555,7.62168499872461,0.0255656514109557,0.0358415900826884,0.0700000000000003,0.04,3.99,0.23,0.12,0.17,-0.00130820672818821,3.10097314537572e-05,-0.00470589103741226,-0.0198904545620895,0.0128707650343554,7.64108424917491
2005.08333333333,-0.0276772601324264,-0.00209818571337816,0.00359007911587028,0.394599999999997,-0.100000000000001,0.00113785801109856,39.8,-0.00115273787980819,0.00790992686027714,0.000778691924049113,7.67042852219069,-0.0149543662752993,-0.0256821614537345,0.11,-0.0100000000000007,3.74,0.12,0.14,0.19,-0.00185678498985631,0.00671815694440259,-0.000521784514838863,0.189785782614261,-0.0105273255893419,7.66809370908241
2005.16666666667,0.000705072005075635,0.0044187527710573,0.00723284606277108,0.5535,0.100000000000001,0.00190358013203173,39.9,0.00459770924862957,0.0019557340244809,0.00146610579011419,7.69938940625674,0.0153045355273482,0.00392906951250038,0.0600000000000001,-0.0499999999999998,3.32,0.22,0.21,0.17,0.000278630201652419,-0.0050945452867337,0.00468845720968503,-0.054054026193243,0.0124843095057052,7.65633716643018
2005.25,0.00332912826487153,0.00159856037767092,-0.00135217977961766,-0.505200000000002,-0.2,0.000901618466116361,39.8,-0.00345157731800683,0.00127463569710429,0.000213531632908825,7.53047999524554,-0.00395067604255495,0.00907322782972098,0.4,0.33,3.43,0.13,0.2,0.27,0.000200041336102075,0.00409410750752226,-0.000535021491983478,0.100294279748326,0.00267388457159079,7.63143166457691
2005.33333333333,0.00338619041339072,0.00646878195942957,0.00215019544382233,0.197999999999993,0,0.00274492623807099,40,0.0017134639556815,-0.00327962773528512,-0.000192717160787836,7.63094658089046,-0.0258308029739851,-0.00431534192461303,-0.17,-0.16,3.26,0.16,0.0399999999999996,0.02,0.000632574473474534,-0.00160605736594821,-0.000529270224380873,-0.147794582701929,0.00898826902039396,7.67322312112171
2005.41666666667,0.00441876905915706,-0.00136298577461247,0.000899720526851944,0.0600000000000023,-0.100000000000001,0.00126492762245256,39.9,-0.00114775524002786,-0.0051952308690737,-0.00223437952749617,7.61332497954064,0.0118240510874754,-0.0214293914558991,-0.15,-0.2,3.01,0.21,0.0600000000000001,0.0100000000000002,0.000566874138208107,-0.00339400060595896,-0.00361877654895526,-0.0387671074151466,-0.00576212406385856,7.6425241342329
2005.5,0.00260801978644487,0.00875816159081033,0.00448752915746375,0.00180000000000291,-0.0999999999999996,0.00193545795873717,39.9,0.000566064666717381,0.00194742028439521,6.08839780023018e-05,7.63433723562832,0.020139053188573,-0.0207977879652058,-0.0800000000000001,-0.14,2.82,0.04,0.13,0.0299999999999998,0.00237612066044335,-0.00362440508654327,0.0010327911409469,0.183795724352692,0.0300601155335585,7.68616230349291
2005.58333333333,0.00149847212140308,0.00715617413184333,-0.00317146628821696,-0.4452,0,0.00262443859442385,39.9,-5.17706199110179e-06,0.00712207607441329,0.00360163379814438,7.6275443904885,0.0164904396352776,-0.0375562576801665,0.21,0.18,2.69,0.22,0.25,0.28,-0.000162749704722742,0.00839220542918628,0.00565964053009083,-0.078910666996058,0.00682679216332538,7.69757534680234
2005.66666666667,0.00176093733774785,-0.00444340947575839,0.0032537883465622,0.241100000000003,-0.0999999999999996,0.00150296529062111,39.9,0.000560937572569031,0.00123004443377095,-0.000199857567205974,7.64730883235624,0.00165950718850905,0.0246549962671119,0.14,0.0800000000000001,2.46,0.24,0.22,0.23,0.000128454967427416,-0.00911409984720546,-3.79094117786138e-05,0.0590299742860489,-0.011624489914615,7.70481192293259
2005.75,-0.00320664601253462,-0.00394150237591795,-0.0195638287695461,-1.0346,0.0999999999999996,0.000371672605318452,40.1,-0.00339975697936312,0.00751619087742039,0.00557827483213735,7.67368812926773,0.00134683453072615,0.00666521018939903,-0.11,-0.0599999999999996,2.41,0.12,-0.02,-0.02,0.000126418553090701,-0.000586310868079032,0.00753643433138773,-0.0922932486753005,0.00296040858572333,7.72444664563354
2005.83333333333,0.00581691349245439,0.00269132427934782,0.0120643294072105,0.942700000000002,0,0.000661235643146796,40.3,0.00508587286141093,-0.00521991762856988,-0.00800666232780234,7.63288550539513,-0.0280925714970195,-0.0231285684091643,0.32,0.26,2.52,0.16,0.29,0.33,-2.6147069359439e-05,0.00855358915186955,-0.0121666441724964,-0.0592265331205848,0.00045444218005386,7.68248244653451
2005.91666666667,0.00655181885345435,0.00294347022318764,0.0111775166214949,0.5505,0,0.00264057890101199,40.5,-0.00508363850093607,-0.0219267087947417,-0.00368871321595332,7.67182679787878,0.0373891484043387,-0.0172575711539509,0.12,0.0800000000000001,2.39,0.22,0.17,0.15,-0.00257491445112379,-0.00560850188229089,-0.00654317421332262,-0.0174484134440887,0.00876908137010446,7.70436116791031
2006,0.00347609991829145,0.00389479625633893,0.00515169356423151,-0.0529000000000082,-0.0999999999999996,0.00119930721077743,40.2,0.00225447427322401,0.0169333725210521,0.00209089455876921,7.59789795052178,0.0197650706551746,0.00626312846896704,-0.0600000000000005,-0.0700000000000003,2.16,0.16,0.0100000000000002,0.0199999999999996,0.00153494322432657,0.00469173009910318,0.00503525736564558,0.0866793532037082,0.000517941078124196,7.65917136766606
2006.08333333333,0.0121169049875025,0.00517773508681429,0.00157660020091566,0.457599999999999,-0.2,0.00198088657679385,40.5,-0.000565124956172891,-3.17999289833892e-05,0.00483605778571849,7.72885582385254,0.0131141677950426,0.0129753698403853,-0.04,-0.0499999999999998,1.95,0.13,0.35,0.100000000000001,0.00224464446342942,-0.00103912389346661,0.0060392735142436,0.078206597343093,0.0283359470033471,7.70165236264223
2006.16666666667,0.00518196902468304,0.00209047808695573,0.000421500180338263,-0.362399999999994,0.0999999999999996,0.00225697101264721,40.4,-1.26530945365744e-06,-0.0169015725920687,-0.0042376781797886,7.6586995582683,-0.00162793827874097,-0.0117159959261539,0.220000000000001,0.15,1.78,0.2,0.19,0.23,-0.0026564748665372,-0.00275217284606999,-0.00553764320525474,-0.15845769113485,-0.0075873965406732,7.66902828858968
2006.25,0.00427371399375609,0.00209830382827914,0.00225211465974606,-0.158600000000007,-0.0999999999999996,0.00224453770305111,40.4,-1.2624676570816e-06,0.0150519044213464,0.00133791455070309,7.58528107863913,0.0132977889241275,-0.00217627942259546,0.149999999999999,0.149999999999999,1.82,0.0999999999999996,0.0800000000000001,0.0899999999999999,-0.0014894311335194,0.000610663463282535,0.00100175258504276,0.0814514365018777,0.00384251915887823,7.65822752616135
2006.33333333333,0.000522574256235586,0.0017776700164136,0.00303207844327069,0.142200000000003,0,0.0012635539866892,40.6,0.00111918866106597,0.00435399521301871,0.00269794910123267,7.50714107972761,0.00649485508637593,0.0135529664047035,0.180000000000001,0.27,1.89,0.2,0.0899999999999999,0.130000000000001,0.00337999400313116,0.0057125822635351,0.00349163248649109,0.0821132730117888,0.0049110316063512,7.5999019592085
2006.41666666667,-0.00076233183683172,0.00167736328709367,0.000254114556411444,-0.336600000000004,-0.100000000000001,0.00028628160762878,40.3,0.00111167869274142,-0.00812758459665819,-0.00195168538673673,7.57147364885127,-0.00938213333792692,0.0553940377306208,0.0999999999999996,0.12,1.81,0.15,0.12,0.0999999999999996,-0.00454063169335583,0.00111078075351401,-0.00200993853706866,-0.0847330578489842,-0.00338502757552561,7.5522372875608
2006.5,0.00123108978070441,0.00054635853405216,0.00316140921642472,0.0675000000000097,0,0.000645667811678408,40.5,0.00110051825094892,0.00496895432318745,-0.000219998170510216,7.49665243816828,-0.0289736291890401,-0.0135770632540104,0.0700000000000003,0,1.79,0.0499999999999998,0.0700000000000003,0.16,0.00457761254352818,-0.00259048596545508,-0.000504301569691279,-0.0174957252392005,0.00544818722339535,7.53208814354172
2006.58333333333,-0.000817809961711546,0.00562829423809497,-0.00051274650553168,-0.399900000000002,0.100000000000001,0.00140728439371252,40.6,-0.00389894905767996,-0.00745034517457288,0.000948942365641692,7.4599147662411,0.00562583792309734,0.000433863014561164,-0.0300000000000002,-0.0200000000000005,1.52,0.25,0.16,0.0599999999999996,0.000505953254160474,-0.00334415039523694,0.00295536363849713,0.047192114751998,0.00319050349551198,7.47477218239787
2006.66666666667,-0.000957258334269184,-0.00332473239939368,0.00437913887833385,0.4131,0,0.00119317343350644,40.6,0.00332379448446529,0.0092904546085526,-0.000270008863001436,7.40853056689463,0.0211282929235264,0.0266439899739355,-0.22,-0.21,1.34,0.00999999999999979,0.00999999999999979,-0.14,-0.00152300600669264,0.0077694030929969,-0.00101026495540424,-0.0659202066203068,0.003882585871958,7.45124168498768
2006.75,0.00588529109336555,0.00618120569559188,-0.00166296235693952,-0.0786000000000087,-0.2,0.000979825903382192,40.3,-0.00277361246841545,-0.0185994578645383,-0.00576460750706786,7.4500795698075,0.0234876760924339,-0.0053996954913671,-0.15,-0.16,1.18,0,-0.15,-0.11,-0.00062461615409859,-0.0191011047712948,-0.0093447230284518,-0.11584816741075,-0.00580534613643735,7.41155628781116
2006.83333333333,0.00532940350671396,0.00431141268921476,-0.00114747595612652,-0.531999999999996,-0.0999999999999996,0.000124237674137717,40.6,0.00385447095050084,0.00238298700547546,0.000264678268058205,7.30720231476474,0.0340487625980872,-0.00393575659625311,0.0200000000000005,0.0100000000000007,1.17,0,0.11,0.04,0.00313162170112591,0.00995155170951278,0.000471102673359702,0.0529460774703345,-0.00058381689743392,7.35883089834235
2006.91666666667,0.00503074090942057,0.000359445020764682,-0.000420432628336798,-0.0806999999999931,0.0999999999999996,0.0015845028743815,40.4,-0.00221506214209644,0.0175655948033588,0.00270075424156957,7.35883089834235,0.018357940284174,0.0190029471256153,-0.11,-0.130000000000001,0.95,0,0.0200000000000005,0,-0.00200866593635496,-0.00152170526978423,0.00494291848064954,0.0896358670148389,0.00307473317010576,7.3362856600213
2007,0.00584437202578059,0.00578126050310068,0.0101417470966894,0.9589,-0.0999999999999996,0.00137800823092071,40.8,0.0021770850892735,-0.00130671275236072,0.00320380568952583,7.4079243225596,0.0198077105471217,0.0260116848431119,-0.0499999999999998,-0.04,0.98,-0.00999999999999979,-0.0900000000000007,-0.0699999999999994,0.00102028104730678,0.00273347534268797,0.0049355991027209,0.03554151684048,0.0120004319526359,7.40123126441302
2007.08333333333,0.00178869657302272,0.00197515651286473,-0.00338886599431643,-0.445999999999998,0.199999999999999,0.00162346561769233,40.4,-0.00274223983000699,-0.00809371113369384,-0.00021176994784966,7.25063551189868,0.00544960476756451,-0.00214198368310525,0.22,0.2,1.09,0.00999999999999979,0.130000000000001,0.119999999999999,-0.000696767146310506,-0.00244643790840371,-0.00377286512890151,-0.171962948489328,-0.00161480828002603,7.39387829010776
2007.16666666667,0.00434515491162735,-0.000249653755315826,0.00937846930767439,0.0536999999999921,-0.0999999999999996,0.000639925557775811,40.2,-0.00109169798622544,0.0123671964112457,-0.000233068232744493,7.29979736675816,0.0143887374520997,0.000102103328657233,-0.04,-0.04,1.02,0.00999999999999979,0.0499999999999998,-0.00999999999999979,-0.0031356956436781,0.00249152214186044,0.00221294307730702,0.210584118734164,0.00211416866026681,7.37650812632622
2007.25,0.0037577387336647,0.00111701317568969,0.00177861544930291,0.450299999999999,-0.0999999999999996,0.0016270559693794,40.6,0.00325261620572315,-0.00255697635560104,0.000549396281167347,7.30988148582479,-0.0265466627824731,-0.00588794164469897,-0.23,-0.16,1.01,0,-0.0899999999999999,-0.13,0.00249523354498038,-0.00155718515982972,0.00131579835966011,-0.0607501939635031,0.00801725060822811,7.37525577800975
2007.33333333333,0.00158896438870926,0.000961532828516631,0.00670031990175257,0.299500000000009,0.0999999999999996,0.000457132913911806,40.5,0.000520177551987189,-0.00128197714011957,-0.00130170713829791,7.30653139893951,0.0395022427628993,0.0205836555958199,0.109999999999999,0.130000000000001,1.14,-0.00999999999999979,-0.0700000000000003,0.00999999999999979,0.00532287086579508,6.95235439112096e-05,-0.00219047801120098,0.033079547349077,-0.00237612180148616,7.29301767977278
2007.41666666667,0.00051957174359174,0.0014701874765537,0.000955921474810495,-0.208200000000005,-0.0999999999999996,0.00105133801497104,40.5,-0.00055985124751512,-0.00306022320136901,0.000550552811407812,7.25488481007734,0.031937849209096,-0.00186299492467357,0.0800000000000001,0.0599999999999996,1.14,0,-0.14,-0.0199999999999996,-0.00814544611837498,0.00564933375204024,0.00112830717492507,-0.0627840516398486,0.0125353787292575,7.30854279753919
2007.5,-0.000394876015695544,4.73894345347503e-05,0.000576847783707812,0.108800000000002,0.199999999999999,0.000565090465732609,40.6,-0.00162226968936441,-0.00362355526685931,-0.000782390218794227,7.27793857294566,0.00201630964775124,0.00125916055821562,0.36,0.35,1.45,0,-0.12,0.0499999999999998,0.0026481031646437,0.000665914413563229,-0.00181040447746472,0.0694259088297144,-0.00788314634168863,7.24921505711439
2007.58333333333,0.000691528735625724,0.00304007331579204,-0.00120025670999269,-0.189599999999999,0.100000000000001,-0.000188328010001015,40.6,-0.00214390981695667,0.00599845576864677,-0.000592799722192616,7.21081845347222,0.00429668854378207,0.0242665181690157,-0.15,-0.0999999999999996,1.39,0.00999999999999979,0.21,0,-0.000334967421222743,-0.00122218837957355,-0.000535059712778008,0.03324184286096,0.00425483049195741,7.21597500265147
2007.66666666667,-6.4296284259413e-05,0.00420770381953783,0.00192403938484897,-0.400900000000007,-0.100000000000001,-0.000224591299119226,40.5,0.00160185055666551,-0.0138035963254097,-0.000843755631071197,7.1929342212158,-0.0444326329334652,-0.0121093781703814,-0.45,-0.33,1.63,-0.24,-0.62,-0.49,0.00611333456057572,0.00526354841551502,-0.00147077926656269,-0.119089718140073,0.00525471057997784,7.18614430452233
2007.75,0.00135644897368259,0.00084647132342397,0.00222012678441796,0.0571000000000055,0.100000000000001,0.000622935640471667,40.6,-4.5559798942385e-06,0.0167953119854962,0.0031634959732969,7.07580886397839,0.0287985644172917,0.00367300755419597,-0.23,-0.15,1.65,-0.0799999999999992,-0.31,-0.33,-0.00788616874489279,0.0127973917533479,0.00392036704532028,0.123509487089273,0.00412154457881009,7.13966033596492
2007.83333333333,-0.00125156189916353,0.000787045507186335,-0.00282406121451473,-0.251500000000007,0,0.000550178459914008,40.5,-0.0015998573245839,0.000499701399668595,-0.000816066672625126,7.1420365747068,0.0280183502839728,0.0130437701989209,0,0.0100000000000007,1.72,-0.180000000000001,0.00999999999999979,-0.04,-0.000423274879127078,-0.0134657542951171,-0.0011501058443395,-0.0235641573011574,0.00585394163183217,7.0833878476253
2007.91666666667,-0.000653059318159066,0.00208795280602736,0.00532071179671423,0.27170000000001,0,0.000831931757240056,40.7,0.00318612413468022,0.00805296799939548,0.00226043775496798,7.08757370555797,-0.0508059507866614,0.012248026745539,-0.53,-0.38,1.91,-0.27,-0.63,-0.6,0.00139214088089368,-0.00470698871755104,0.00474966968177437,0.0176797665016339,0.00935925910362734,7.10987946307227
2008,0.00427248995214669,-0.000632963344425086,0.000348760706312845,0.0234999999999985,0.3,0.000758985886770702,40.5,-0.000542177361515961,-0.0222136594166651,-0.0029785456990048,6.94408720822953,0.010759259778661,-0.0264319631356424,-0.18,-0.0500000000000007,2.41,-0.25,-0.27,-0.24,0.000629878149711161,0.00281016347290386,-0.00493434067992471,-0.124218083214792,-0.0114113356769643,7.04664727784876
2008.08333333333,0.00117123124199559,-0.000164167028593454,-0.00132437340096825,-0.237200000000001,0,-2.89031959734842e-05,40.5,0.0010431291242865,0.0133440191442933,0.000210104690820501,6.98841318199959,-0.0703303773156563,-0.0230298917140868,-0.51,-0.359999999999999,2.6,-0.3,-0.25,-0.55,0.000422680066657577,-0.000862660993657727,0.000547951964224858,0.0442316253273267,0.00217729945662093,6.99759598298193
2008.16666666667,0.00103900727528128,-0.00346551574741483,-0.00392967089813467,-0.597200000000001,-0.0999999999999996,-0.000448106396627068,40.4,-0.00106649648309221,-0.00581920417945447,-0.000526667053561525,7.0057890192535,-0.0174790357361561,-0.00284639818080956,-0.2,0,3.84,-0.96,-0.63,-0.66,0.0069611993490728,-0.0103232125028425,-0.00102686672971952,0.0122803832330867,-0.00886410887204114,6.92165818415113
2008.25,0.0011895918823086,0.0024916858794759,-0.00305048880108227,-0.336600000000004,0.199999999999999,-0.000506168029666298,40.6,0.000512966166489992,0.00513243393916873,0.000865143374136679,6.91274282049318,-0.0283946451328436,0.0186082371918591,-0.3,-0.23,4.28,-0.37,-0.86,-0.51,-0.00279859799265481,0.00927774735121734,0.00115673325529109,0.0762325617097197,0.0028466061537209,6.87419849545329
2008.33333333333,-0.00282938123139864,0.00161861678820863,-0.00647295579012575,-0.752600000000001,-0.0999999999999996,-0.0015852395112681,40.5,-0.00314328265345853,-0.00574208677241561,-0.00100990925729327,6.92067150424868,0.0398428830631019,-0.00999230025747855,0.36,0.17,4.69,-0.33,0.03,0.2,-0.00311641690064057,-0.00162624457158778,-0.00125993492723708,-0.0374294408571059,-0.000953450851701731,6.91572344863131
2008.41666666667,0.0415273909357605,0.00186168553825272,-0.00607620518403351,-0.452699999999993,0.4,-0.00137010652442981,40.2,0.00312798818300974,0.0112659965969675,0.00243283531816818,6.880384082186,0.023615848970012,-0.00841235387178807,0.31,0.2,4.95,-0.3,0.44,0.32,-0.00388045066753939,-0.012358004659264,0.00358834510261552,0.043557891104145,0.00938251609558804,6.90274273715859
2008.5,-0.0243205456719178,-0.00184996598711162,-0.00233548732249655,-0.4863,0.199999999999999,-0.00109598597076221,40.4,0.000505259381515799,0.00146060506057299,0.00294738854278531,6.95272864462487,-0.0451675807071252,0.000712214508408637,0.34,0.22,5.07,0.02,0.13,0.36,0.000772401066649664,0.00364053249435514,0.00452366672904247,-0.0419652346391501,0.00182044894078892,7.07326971745971
2008.58333333333,-0.016256338456758,-0.00482834501415041,-0.00358020406505766,-0.684300000000007,0.2,-0.00147530704782284,40.3,-0.000533595206379189,-0.0035050072494851,-0.00258620332043957,6.82762923450285,-0.0646115899766517,0.0113269819446763,-0.19,-0.0899999999999999,5.15,0.00999999999999979,-0.23,-0.14,0.00367173074564242,0.00474114718999097,-0.00330765340366135,-0.0695537319851782,-0.00361701366477263,6.82546003625531
2008.66666666667,-0.00631332696283948,-0.000117768984496891,-0.0158244158056116,-0.904499999999999,0.3,-0.00208221168172606,40.3,0.00101573328523097,-0.0197310389590539,-0.00545183217254674,6.73815249459596,0.0190174314955209,-0.0528081813520814,-0.16,-0.12,5.15,-0.00999999999999979,0.0900000000000001,-0.0999999999999996,-0.00421729954868866,-0.00887645691070915,-0.00860565000179925,-0.131151568289601,-0.00814803642027329,6.75460409948796
2008.75,0.000695169312379562,-0.00666472186314593,-0.0450476005695615,-2.51389999999999,0,-0.00329232223396048,39.9,-0.00258354476101053,0.0115016490527351,0.00164063449570584,6.7093043402583,-0.0516601279545936,-0.0484377216463764,-0.26,-0.2,5.5,-0.19,-0.59,-0.27,0.00662376890548266,0.0111266929058234,0.00234431090796683,0.0194107696511354,-0.0155337133026769,6.68085467879022
2008.83333333333,0.00674525760942579,-0.00154251436645758,0.00989232060824641,-0.400500000000008,0.4,-0.00343525906312436,40,0.00153070763218821,-0.0282167148220323,-0.00745739925603317,6.65544035036765,-0.228044815270302,-0.0638080622694136,-0.15,0.12,7.91,-0.84,-0.46,-0.49,0.00444021358630664,0.024735530313265,-0.00949034269923033,-0.188773157360298,-0.0364626680902003,6.60123011872888
2008.91666666667,0.00708878133617041,-0.00306836261856347,-0.0132886530605933,-1.7124,0.3,-0.00551812813140096,39.6,0.000496487232446441,-0.00637619366498399,-0.00524550557613335,6.48004456192665,-0.0926876925476909,-0.0954465904837133,-0.44,-0.28,8.82,-0.58,-0.48,-0.35,-0.00642438819809321,-0.0429538249040089,-0.0092284776932603,0.0156706122095036,-0.040200805405723,6.4393503711001
2009,-0.00646779416843124,-0.00291055040675836,-0.0286041968539079,-2.25649999999999,0.5,-0.00513337517934964,39.3,-1.65920714789713e-05,0.0120729117307858,0.00626849025181553,6.32793678372919,-0.0062251706203309,-0.0313467897696658,-0.77,-1.11,8.27,-0.23,-0.16,-0.58,0.0153845519107705,-0.00423706441135074,0.00959648903873678,-0.0481724915178789,-0.0235258428996516,6.31716468674728
2009.08333333333,-0.00937574285653575,0.0045410469982059,-0.025259180320143,-2.10610000000001,0.5,-0.0057116239251549,39.2,-0.00457227425803008,0.0251423295633533,0.00571652002202594,6.19440539110467,-0.0137455266060194,-0.0267446694943447,0.0800000000000001,0.1,7.99,-0.01,0.1,-0.05,-0.0116741278457937,0.00152538769213084,0.0107951793863483,0.354081321100554,0.0153389893790354,6.30078579466324
2009.16666666667,-0.0115868688990748,-0.00411108843480967,-0.00610417464948121,0.0236000000000018,0.500000000000001,-0.00569192664520557,39.3,0.0030407991649537,-0.00763275541117991,0.00167814426116397,6.36647044773144,-0.0722718515691172,-0.00276970125819231,0.27,0.35,7.86,0.07,0.17,0.18,-0.00657339173825022,0.00150387675468,0.0011084678991784,-0.0812042329915648,-0.00428769821971997,6.32435896238131
2009.25,-0.00241785205938072,-0.00414004946757984,-0.0157796956259579,-1.1011,0.399999999999999,-0.00619989044476377,38.9,0.00100267905688955,-0.00765973285615296,-0.00289120296194234,6.22455842927536,-0.0615929816870802,-0.0176277647919786,-0.05,-0.0500000000000003,8.24,-0.04,-0.09,0.02,0.00438444740918165,-0.00618164115320319,-0.00462381277271806,0.266932523735984,-0.0176407394859233,6.24027584517077
2009.33333333333,0.00225450079086187,-0.0014878990973779,-0.00832511506307121,-0.370099999999994,0.300000000000001,-0.00508483366810353,38.9,-0.00353625021198267,0.0141395602987711,0.00252760874440394,6.16961073249146,0.113522537733088,0.0375364335994309,0.04,0.11,8.24,-0.03,-0.05,-0.09,-0.00747295528662839,0.00118356977693335,0.00199434629347017,-0.166098536506696,0.00522137897027797,6.25575004175337
2009.41666666667,0.0130314577666724,0.000912200747404945,-0.0101509109300242,-0.582700000000003,0.4,-0.00270426466039986,38.9,0.00100806460149494,-0.00354503052734678,-0.000386634415908915,6.29156913955832,0.0620114553009463,0.0468721707350505,0.27,0.36,7.88,0.03,0.02,-0.05,0.00633986779196327,-0.00191438922849319,0.000463836580450128,0.135401573945964,0.0082538766909579,6.32076829425058
2009.5,-0.0172085404744298,0.000275896816341437,-0.00377593604375104,-0.092099999999995,0.0999999999999996,-0.00348987301477344,39.1,-1.01517096906534e-06,0.016852861099891,0.00488079739093461,6.37161184723186,0.0259348536403197,0.0598536441251471,0.58,0.43,7.29,0.03,0,0.01,-0.00570547643628139,-0.00815310228793642,0.00679494752279375,-0.00876378248685894,0.0158246607408064,6.39859493453521
2009.58333333333,-0.00381500757087316,0.00332874641321279,0.0112269628491237,1.06330000000001,0,-0.0026445538399571,39.3,0.00250965853944107,-0.0302103444991904,-0.00580975209846457,6.38687931936265,0.0104193344087919,0.000549668685778881,-0.25,-0.16,6.93,-0.05,0,-0.03,-0.000698293778061299,-0.00590009313599538,-0.0085633697105969,-0.24729268172976,0.00433401039119374,6.38856140554563
2009.66666666667,-0.00183363907644107,0.00894924454245594,0.0109072811177482,0.815899999999999,0.0999999999999996,-0.00145519184425069,39.3,-0.00401833827895581,0.0254914875351613,0.00278475379528142,6.37331978957701,0.0760150970726823,0.00935892580148945,0.11,0.0299999999999998,6.42,0,-0.00999999999999998,-0.02,-0.000555450728047191,0.00526202682199894,0.00364086964603505,0.186861232104857,0.0175747480096664,6.42324696353352
2009.75,0.00253004342093099,-0.00927205466715009,0.00877575096746508,0.790599999999998,0.200000000000001,-0.00173367436545213,39.2,-2.51759262326345e-07,-0.0161999767275658,-0.00128380865521294,6.37161184723186,0.0339032022805865,-0.0127227404775879,-0.2,-0.19,6.16,-0.01,-0.05,-0.06,-0.000106360697216701,0.00465584967406318,-0.00141383432404307,-0.126009788353699,-0.0256148955541313,6.4118182677099
2009.83333333333,-0.00309894021544999,0.00113535199140458,0.00269183164708053,0.183899999999994,0.199999999999999,-0.00142139881868353,39.2,0.00550940379887344,0.00690317511238447,0.00217457955836142,6.2803958389602,0.0218831671303823,-0.0068234474058359,-0.04,-0.00999999999999979,6.17,-0.03,-0.05,-0.03,0.00326877852847751,-0.00309516366625218,0.00106840953174903,0.110384606049214,0.0108085121625567,6.36818718635049
2009.91666666667,0.00247783018952141,-0.00160181732893072,0.00432872522176186,0.794700000000006,-0.0999999999999996,-3.07552726095395e-05,39.7,-0.00351014186511867,0.00850898250482324,-0.00129286113153348,6.37672694789863,0.0189361468061255,0.0235907438180202,-0.1,0.00999999999999979,6.2,0,-0.02,-0.06,0.000319207382807107,0.00857526093812577,0.000345561546345685,-0.0582392307556123,0.00811415402080762,6.43454651878745
2010,0.00424627455305604,0.00609470718393634,0.00404986001487373,0.0668000000000006,0,-0.00191638024516294,39.6,-0.00149737986550358,-0.0102820790249556,-0.00191679114729837,6.36475075685191,0.0202968144813873,-0.022727558611209,0.11,0.19,6.25,0,0,0.06,-0.00398628385010724,-0.00616841425318704,-0.00282295539013333,-0.0789948223977728,0.00418604368048392,6.49828214947643
2010.08333333333,0.00431524348776868,-0.00183285381342646,0.0108406384790483,0.793599999999998,-0.0999999999999996,-4.62231809326141e-05,40,0.00199302507426502,0.00728518910695719,0.00160964125173457,6.41999492814714,0.0118177170799143,-0.00419961091535653,0.14,0.14,6.14,-0.01,0.01,-0.02,-0.00349750436859253,-0.00197463992877456,0.000128480721048874,0.101037407984779,0.00105336311373527,6.45519856334012
2010.16666666667,1.14618847888437e-05,0.00373356596455032,0.0037459440910963,0.0792000000000002,0,-0.000739861617978121,39.6,-0.000500858669569393,-0.0168427010799537,-0.00221016704338872,6.40357419793482,-0.0311132592188619,-0.0339911878170334,-0.12,-0.04,6.21,0.02,0.05,0,0.00989483686643311,0.00930068091131808,-0.00160075175259156,-0.0746953449122696,0.001435153847547,6.47697236288968
2010.25,0.00373705579373151,0.00477147026822067,0.00683336112732569,0.947599999999994,0.0999999999999996,0.00123279876306981,40,-0.000498624345818044,0.0134605107081356,0.00143021045805458,6.45519856334012,0.0561362071677349,-0.0365146838125528,0.0700000000000003,0.04,6.11,0.03,0.04,0.05,-0.00627932179684976,0.00111215806316078,0.00128354312264189,0.0844442220020447,0.0215402892978638,6.53233429222235
2010.33333333333,0.00840916227196686,0.00204133477377066,0.00338655620002992,0.656199999999998,0,0.0019539519882823,40.6,0.00049492261682671,-0.00673025535406779,-0.000865298698823125,6.53233429222235,0.0385427617427743,0.018032736090378,0.15,0.12,6.05,0.04,0.01,0.05,0.00411120121469821,0.00937881193370593,-0.00010129916802093,-0.022056211447663,0.0083089495210622,6.45676965557216
2010.41666666667,0.00783596304962764,0.00248409308282671,0.0134185316829223,0.987000000000009,-0.300000000000001,0.00400365618665965,40.5,-2.21223466567722e-06,0,-0.000221658211710718,6.36818718635049,-0.0622493582848334,-0.0442057240126827,-0.4,-0.43,5.85,0,0,-0.08,0.00265016442576815,-0.00701448267993765,-0.000749921242451101,-0.173721313009121,-0.00864332441608262,6.35437004079735
2010.5,0.00098042639266005,0.00243101958255743,0.00184750220925256,0.070999999999998,-0.199999999999999,-0.00101090561237349,40.3,-2.20566854380877e-06,-0.00335946564557865,-0.000741790921378715,6.2841341610708,-0.0377690448123467,0.00672625425487045,-0.18,-0.22,6.05,-0.02,-0.04,-0.05,-0.00409948779091174,0.00315970036174829,0.000101024286847107,0.154857564641262,-0.000986480680655433,6.3750248198281
2010.58333333333,0.00216777563549364,0.00272931368507123,0.00378984574359897,0.478099999999998,0,-0.000728178627557696,40.3,0.000984480770833684,0.00448054199617776,0.00127306670266414,6.30261897574491,-0.0032914839531486,0.0356515543774555,-0.24,-0.19,5.83,0,0.04,-0.03,-0.000895758815699921,0.00473308336748879,0.00228639153908627,-0.00679731105011872,0.00315792162488293,6.361302477573
2010.66666666667,0.00371606890532483,0.00241852214231386,0.00365793559629779,0.204099999999997,0.0999999999999996,0,40.5,-0.000498083556029982,0.00446553035803987,0.000518734570479573,6.39526159811545,0.00690332586290499,0.0230593133463451,-0.29,-0.31,5.47,0.01,0,-0.03,0.00426615008562514,-0.000368997985671804,-0.000407211934119189,-0.00757094981032314,0.00452354387887688,6.36302810354046
2010.75,0.000627380584450776,0.000944788280254905,0.00294342526586977,0.171500000000009,0,-0.00056758043524674,40.6,-0.000495154808975329,-0.00224956245506203,-0.000377115940187522,6.38687931936265,0.0315049411415087,-0.00447972078988235,-0.0600000000000001,-0.0500000000000003,5.47,0,-0.01,0,-0.00204765098363957,-0.000157477960591734,0.000153649583418236,-0.0257271688219642,0.0085291099576903,6.33327962813969
2010.83333333333,0.000773137222701337,0.0025499673239624,-0.00283769124509536,0.1404,-0.0999999999999996,0.00213825135787893,40.6,0.00195861166959244,0.00495716973170612,0.00219109048365684,6.29710931993394,0.0431691593466885,0.0175476560575381,-0.23,-0.11,5.53,0,-0.02,-0.03,0.00214531412311914,0.00102646271183904,0.00186185239113801,0.103738157550262,0.0113949120709051,6.32435896238131
2010.91666666667,0.00129641359483301,0.00253188214508437,0.000869184552611202,0.198699999999988,0.4,0.000987110257717916,40.6,-0.000988313911237437,-0.00389860251224494,-0.00119541473140661,6.30078579466324,0.0230428635643021,0.00590676594846884,0.17,0.22,5.73,0,0.01,0.02,-0.00333761538539257,0.00238435525812086,-0.000945161842561326,-0.0569029754424131,0.00904060428747044,6.32793678372919
2011,0.0061345136598252,0.00132146353908258,0.00973782913477805,0.443700000000007,-0.5,0.00061931579055674,40.6,-0.00195718643856901,0.00433806849571639,0.000270005304826348,6.289715570909,0.0349483612740364,-0.0231978966406547,0.58,0.53,5.92,-0.01,0,0.04,0.00153708644781858,0.00242123699922914,0.00147789457961522,0.029620541501564,0.00701111366346119,6.44888939414686
2011.08333333333,0.012997694785513,0.00112302975096146,-0.00210835614092897,0.1173,-0.200000000000001,5.35031165682653e-05,40.1,0.00292374027282749,-0.00115378444598591,0.000738009998435984,6.44571981938558,0.0325603709456175,0.0119197000390767,0.0600000000000001,0.1,5.92,-0.00999999999999998,0.00999999999999998,-0.02,-0.000963834151876952,-0.0016560011936626,-0.000770736558043161,-0.0523449649663696,0.0066495007342926,6.35610766069589
2011.16666666667,0.00292783620074921,-0.000277745633078474,-0.00397874812894106,0.199699999999993,-0.0999999999999996,0.0016800694307495,40.9,-0.00243937804831473,0.00314982114979845,-0.000215916081028666,6.24804287450843,0.0295750007498734,0.0214387951560761,0.27,0.19,5.99,-0.01,-0.02,0.02,0.00432024272228482,0.000307940379594029,-2.84756293815747e-05,-0.00247095386522567,0.0084195893004182,6.29526600143965
2011.25,-0.00229609387854701,0.00345475371776693,0.0103489910718046,0.511400000000009,0,0.00172295537019274,40.7,-0.00194552544524385,-0.0032868327654878,0.00122994764640705,6.39692965521615,-0.0126677018940438,0.00216832473519135,-0.15,-0.17,5.89,-0.02,-0.03,-0.03,-0.000731742110026801,0.00271528745368954,0.00195089213423305,0.137226503472135,0.00894012049997528,6.36818718635049
2011.33333333333,-0.00161155719360906,-0.00118875200823343,-0.00323549938184442,-0.346800000000002,0.0999999999999996,0.00238892383849709,40.9,0.0034028975759135,0.00152105694827576,0.000221690315106216,6.31716468674728,0.020501476777409,0.0135228565101317,0.0600000000000001,0.0499999999999998,5.92,-0.04,-0.04,-0.01,0.000555762993306175,0.0012680339134219,-0.000477095336601785,-0.0723165716136895,0.00550031981307164,6.36475075685191
2011.41666666667,-0.00104087035430922,-0.00115548173329305,0.00120535293543256,0.013300000000001,-0.0999999999999996,0.000805165254284645,41,-0.00145973206001315,-0.00372832680140966,-0.00120200417203442,6.3297209055227,0.00509398738810951,-0.00287365304291315,-0.33,-0.29,5.69,-0.01,-0.02,-0.06,0.000950091310244261,0.00457596921506997,-0.001506452257936,-0.149159060427912,-0.00084526889277825,6.42648845745769
2011.5,0.00447370969770233,0.00232116462645671,0.00302031496218635,0.106999999999999,0.0999999999999996,0.00172967111103617,40.9,-0.000485554298931934,-0.00889766366046008,-0.00323604630502761,6.41017488196617,-0.0388683905021781,-0.00694297895177687,-0.26,-0.17,5.66,0,0,-0.01,0.00011055020716455,-0.0078673806366103,-0.00317666379111969,0.0314433723881136,0.00823967489819744,6.45519856334012
2011.58333333333,0.004300871267791,0.00174022321073508,0.00491505586733876,0.428799999999995,-0.0999999999999996,0.000462256045029363,40.9,0.00145219811617014,0.00784615612908812,0.00190546904465716,6.43454651878745,0.0290166119280668,-0.00376811144803563,-0.04,0,5.69,-0.02,0,0.01,0.00937514592683542,0.00493419040346055,0.0026166105186638,0.0603214004712207,-0.000386136891654232,6.43133108193348
2011.66666666667,-0.000518481131013715,-0.000610461954352992,0.00672844381604865,0.335900000000009,0,0.00100712950125903,40.8,-3.74489670074141e-06,-0.00679712081310591,0.000651861053024838,6.37161184723186,-0.111551501633919,0.0121795194448791,-0.52,-0.7,5.26,0.03,-0.02,-0.08,0.00229392066387035,0.00631701464666268,0.00053288677024721,-0.127794017531135,0.00111273507359044,6.4723462945009
2011.75,-0.00131572986825645,0.00164624250753231,-0.00082742259447155,0.142499999999998,0,0.00165614911431256,40.9,-0.0014505597300265,0.0114695452207503,-0.000947998836605457,6.47697236288968,-0.0096898422195606,-0.0364219919969752,-0.12,-0.32,5.19,-0.02,-0.01,-0.01,-0.0176452477230118,-0.00981395894007253,-0.000980303833028273,0.11011559977491,0.011065039300183,6.41345895716736
2011.83333333333,0.00034465388214322,0.0018042974744743,0.00691643658723518,0.337999999999994,-0.199999999999999,0.00157797214288991,40.9,0.000964087301635885,-0.0109333748750569,-0.00138322294430626,6.41345895716736,0.0280056940664899,-0.000190240655001561,0.16,0.17,5.3,-0.01,0.01,0.01,0.00129000024155523,0.00332495417703793,-0.00149421377890668,0.017676374591951,0.00568057372813335,6.50876913697168
2011.91666666667,-0.00105362172068091,-0.00168927694318288,-8.65912419243386e-05,-0.212299999999999,-0.200000000000001,0.00103301510073983,41,-0.00144682928542528,0.00467222562491632,0.00202300251595222,6.56667242980324,0.0157791607381608,0.00240704493236449,-0.15,-0.14,5.06,0.01,-0.01,0,0.00198262892012657,0.00150646613779326,0.00117116520351868,0.108468865880757,0.00317386363351524,6.55961523749324
2012,0.00900123261886243,0.000448453704671614,0.00529226190156162,0.422600000000003,-0.0999999999999996,0.00149108764043149,41.1,0.00192585519321398,-0.00363272617143995,-0.00146718235737886,6.5424719605068,0.0136858647340077,-0.0139523812758696,-0.02,-0.0299999999999998,5.18,-0.01,0,0.01,-0.000514454873679071,-0.00165701918345906,-0.00160846463852593,-0.103876808135301,0.00146727903448252,6.54678541076052
2012.08333333333,0.00267093208726443,0.00385529374975047,0.00594655661573817,0.544600000000003,-0.199999999999999,0.00269037564487995,41.2,-0.00240697139205404,0.00466335209023594,0.00283666933615123,6.58340922215876,0.0450250977470867,-0.00405002000025406,-0.05,-0.01,5.15,0.01,0.02,0,0.00267501528175451,0.00484404727674725,0.00248281191529287,0.00290698606609574,0.00919235626880344,6.56807791141198
2012.16666666667,0.0050385129404571,0.00603983088684235,0.00321050378429177,0.23299999999999,0,0.00197184746464707,41.2,0.00288438580063932,-0.00104402836946083,-0.00117985204166349,6.55677835615804,0.039137019179214,0.0178758590424845,-0.01,0,5.04,0.02,0.06,0.04,-0.00224633837312105,0.00398967751470281,-0.000585327120393941,0.00305312942463321,0.0122564979929489,6.60394382460047
2012.25,0.0029857265333284,-0.00130990707000755,-0.00519117482368436,-0.484499999999997,-0.100000000000001,0.00178854109498339,41.1,-0.000484803785570254,-0.00155105130305433,-0.000323116925505573,6.54391184556479,0.026809497027676,0.00126470233121195,0.19,0.2,5.1,0.03,-0.01,0.03,-0.000849987565230137,-0.0124664319243415,-4.38829054694168e-05,0.0179556631577444,0.00353177434010732,6.69208374250663
2012.33333333333,0.00371961450767877,0.000922808821916199,0.00716775850578255,0.277500000000003,0,0.000575543886158769,41.2,0.000474452291383543,-0.00154625903799399,-0.000596638981781972,6.62406522779989,-0.00202473706166817,0.011060947359425,-0.13,-0.12,5.05,0.01,0,-0.01,0.000959486801347609,0.00862968858267532,-0.000431871365323744,-0.0651113396823337,-0.00413607098399638,6.59578051396131
2012.41666666667,-0.000159377603903721,6.83223448492143e-05,0.00230654833654942,-0.313199999999995,0,0.000799232182133736,41.1,-0.0047858362152251,-0.00517090804000908,-0.0024377283429633,6.56244409369372,-0.0331151716470481,-0.00476131710171046,-0.13,-0.25,4.91,0.02,0.01,0.01,-0.00104390451448744,-0.0057138512584638,-0.00372973253635678,-0.0599115578447407,-0.00177931220510708,6.67959918584438
2012.5,-0.000445656811457695,-0.00104812258957221,5.5291838529925e-05,0.125,0,0.00060460170906218,41.1,0.0047858362152251,0.00153038901447289,0.000614284424810485,6.62936325343745,-0.0133522951908649,-0.0233809888445699,-0.05,-0.18,4.86,0,0,0,0.00262850657321856,0.0060337316708452,0.00124361697270814,-0.0517934613825091,-0.00891858231091014,6.67708346124714
2012.58333333333,-0.00646243504398569,0.00209514776830311,0.00209678420014292,-0.232700000000008,0,0.00107394573472241,41.1,-0.000482697851493352,0.00571631859426702,0.000869794926090073,6.60665018619822,0.0270582908328381,0.00237567930924748,-0.09,-0.0900000000000001,4.71,0,0.01,0,-0.0017648034957265,-0.00239166989288098,0.00111547302807491,0.203841466032359,0.00459113420216184,6.74405918631135
2012.66666666667,-0.00222630500047849,0.000204724589274896,-0.00428827046970337,-0.180599999999998,-0.0999999999999996,0.00135570010633401,40.9,-0.0033425432510521,0.0103229056894527,0.00299573833846623,6.62539236800796,0.0316105690057924,0.00823890976881636,0.09,0.15,4.78,-0.03,0,-0.01,0.00176791989210656,-0.00290423203331525,0.00550394951262234,0.00362016494549167,0.0123386883085885,6.73340189183736
2012.75,0.00747954968345432,0.0014091872232207,-0.000733960055224081,-0.234200000000001,-0.3,0.00132412909518642,40.9,0.0028646459898658,-0.00268085521538541,-0.000316788431131698,6.74170069465205,0.0280818067704161,0.0253718708912656,-0.0399999999999999,0.04,4.7,0.01,0.01,0,0.000870526487137369,-0.00224943312696624,-0.00103279787966493,-0.0625247113774359,0.00797020143048144,6.8351845861473
2012.83333333333,0.0067084347317472,-6.81407788754029e-05,0.00346796328918586,-0.173500000000004,0,0.00112933076872324,41,-0.000478579479623154,-0.00818522484546502,-8.27580452922305e-05,6.81892406527552,-0.00388722012158382,-0.00285661251200997,0.0399999999999999,0.03,4.42,0.02,-0.01,0,-0.00144067844355789,0.0044869869660431,-0.00206675510905807,-0.0618344368322656,-0.000470336727003584,6.78784498230958
2012.91666666667,0.0135140215105132,0.00435167614046073,0.00366093862814143,0.383900000000011,-0.0999999999999996,0.00115772534768332,41,0.00142664323114738,-0.00611414507867991,-0.00364004716674327,6.72503364216684,-0.0305849785226444,-0.00698954418171216,-0.0399999999999999,-0.1,4.35,0,-0.01,0,0.000267375699671391,-0.00507833455451934,-0.00437392092847766,0.0228767024732504,0.00555444088739598,6.82110747225646
2013,0.02450443143006,0.00040700041261843,0.00236674690059324,0.454299999999989,0.2,0.00184513518496843,41.2,-0.00142981633267514,0.00305081447358546,0.000525466735844304,6.88346258641309,0.0197251496150921,0.0110236846411303,0.0299999999999999,0.0700000000000001,4.47,0,-0.02,-0.02,0.0049943471631817,0.00610457404718545,0.00155966723843104,0.0512093056769833,0.00345904008849907,6.84694313958538
2013.08333333333,-0.0511710148918745,0.00444359962909413,0.000245112623357358,-0.186499999999995,0.0999999999999996,0.00135389598642988,41.1,0.000947863948510985,0.00766259455712959,0.00205929690073692,6.78897174299217,0.0400440728260349,-0.0112115780434932,0.11,0.19,4.59,-0.02,0,-0.01,-0.00943764148336967,-0.00450029565852628,0.00209991870212622,0.0522534226803604,0.00829523816855549,6.84587987526405
2013.16666666667,-0.00199213367785589,-0.000168811511095157,0.00466600517933191,0.274200000000008,-0.3,0.00213439370845059,41.3,0.000942476639310907,0.000474831355670169,0.00165023540869136,6.86901445066571,0.0213259616674524,-0.0312376300394826,0.0399999999999999,0.0700000000000001,4.7,0.00999999999999998,0.03,0.01,-0.000442071859886539,-0.00296036760847418,0.00343640808247514,-0.0638034479468699,0.0115150642043744,6.88755257166462
2013.25,0.00348942528692398,0.00128225334195253,0.00402048765132612,-0.0934000000000026,-0.2,0.00105443628771695,41.4,-0.00331383605179925,-0.0116737433978544,-0.004870473799226,6.9177056098353,0.0251519882844802,-0.0257918335474528,-0.03,-0.02,4.71,-0.00999999999999998,-0.01,-0.01,0.00348915641557923,0.001152756159299,-0.00823111782290642,-0.0307339233774151,-0.00710135309284787,6.84161547647759
2013.33333333333,0.00407016012535166,0.000224787295969087,-0.000863344525043885,-0.221400000000003,0.0999999999999996,0.00135512353096168,41.2,0.00330712628607044,-0.00054323942223089,0.000302316949050585,6.72743172485086,0.0127311083850525,0.015202161743148,-0.11,-0.2,4.44,0.00999999999999998,-0.03,-0.03,-0.00273870828019973,0.000201852024259708,0.000725717839610063,0.0135148433537768,-0.00491577316259573,6.91968384984741
2013.41666666667,0.00480866554184622,0.00285041153603327,0.000780673234115348,0.228099999999998,-0.0999999999999996,0.00163989314940416,41.3,-0.0023626143372506,0.0102134887463503,0.00174990349331861,6.8351845861473,0.0430772962342667,-0.000914793581829609,0.13,0.17,4.62,-0.04,-0.02,0,0.000679216014122019,-0.00352911238436171,0.00250423188512983,0.0398080777497274,0.00603276183820967,6.91075078796194
2013.5,8.15175303436888e-06,-0.000201730399214561,0.00207278383112186,0.198400000000007,0,0.00134373586075043,41.2,0.000470920239949102,-0.00357808139070492,0.00148478714267419,6.73221070646721,-0.0129320744993748,0.0127315782730263,0.36,0.37,5.1,-0.02,0.01,0.02,0.00208432036145467,0.00550441803544377,0.00196350977116655,-0.0187269762453832,0.00305426963253197,6.84800527457636
2013.58333333333,-0.00208779544210458,0.00123216181550134,-0.00310675204574995,-0.569800000000001,-0.2,0.000821505895762797,41.2,-0.00141364966790158,-0.0015297018297078,-0.00097529268393437,6.77992190747225,0.0303662931193145,-0.0204754153694325,0.2,0.28,5.23,0,-0.01,-0.02,-0.00167481962453309,-0.000830187382407921,-0.000422040534759027,0.077483188663015,0.00573707648828226,6.90475076996184
2013.66666666667,0.00173476366598635,0.00151012652235227,0.00576546223913077,0.659099999999995,-0.0999999999999996,0.00186787925549048,41.3,0.00141320571722892,0.00610895740821604,0.000238233656187248,6.82110747225646,0.000844622471043444,0.0212496589076901,0.12,0.16,5.34,-0.01,0,0.01,0.00173781872796042,-0.00585751839077187,0.000428906644175164,-0.0694135675016581,-0.00140738767484727,6.87109129461055
2013.75,0.00411245840577479,0.00300228465942354,0.00507169457108247,0.0699000000000041,0,0.00127986209588826,41.3,-0.000471364191212853,-0.0076303669361435,-0.00104357566705371,6.74523634948436,0.0101750518934125,0.0242127151690672,0.0800000000000001,0.0699999999999998,5.39,0,-0.02,-0.01,0.000191744212244771,0.00370916852173675,-0.00200757196523949,-0.0211937355645704,0.00086125399505832,6.91174730025167
2013.83333333333,-0.00339524693766258,0.00322659885175103,-0.000789041355739428,0.174199999999999,0,0.00160664894964846,41.2,0.00140988453827395,0.00457485176443662,0.000884667576865894,6.82979373751242,0.0192891634482075,0.0133197729500626,-0.23,-0.19,5.22,0.01,0.03,0,0.00576536187343102,0.00174185090132895,0.000158214197358397,-0.0529847105936865,0.00329907547808794,6.95081476844258
2013.91666666667,0.00255638836165772,0.00410163753461212,0.00233336000772777,0.00220000000000198,-0.3,0.00201197044084367,41.4,0.000465183433257188,0.001009044360333,0.000164508133823738,7.00306545878646,0.0362584208420751,0.00012423131887529,0,0.1,5.3,-0.01,0.02,0,-0.0105324316699864,-0.000309071689903462,0.00130770258208734,-0.013135798617097,0.00282052713807701,6.93634273583405
2014,0.00224891059200871,0.000906738678131624,0.00200863171411303,-0.0966999999999985,-0.2,0.000400452881148539,41.1,-0.000473107244927107,0.000999852488476449,0.000257124532934583,6.90975328164481,0.0134994197744769,0.017424939847709,0.21,0.18,5.29,0.01,0,0.01,0.00500269412040844,0.00395343926151348,0.000797889047788658,0.108131860769467,0.00544133191192486,6.91274282049318
2014.08333333333,0.00510006349500358,-0.00331025317359046,-0.00356393274487488,-0.721000000000004,-0.100000000000001,0.00137488064199154,41,-0.000470462718599851,0.00349337950413009,0.000328233541139866,6.78897174299217,0.00803279124148659,0.00529633235142257,0.0699999999999998,-0.04,5.12,-0.02,-0.03,-0.01,0.000523157999856139,-0.00199411188044518,-0.000219437775791143,-0.0706964659058862,-0.00786815825751574,6.88346258641309
2014.16666666667,0.00557357726441943,0.00453635944612696,0.00752850603761601,0.733999999999995,0.100000000000001,0.00109709281437276,40.8,0.0037224356872998,-0.00553583002203695,-0.00159623080283833,6.8501261661455,-0.00292356091073387,0.00532882452706512,-0.13,-0.15,5.03,0,0.01,0,-0.000460020188322474,0.0126436373859153,-0.00132106850987412,0.0947838314860601,0.0124956805012602,6.94601399109923
2014.25,0.00519898629377558,0.00570203537328506,0.0096386050748114,0.697699999999998,0,0.00198043569011119,41.5,-0.00651965733115656,0.000992520269787356,0.00112626637521007,6.87729607149743,0.0252583688911807,0.0039780656402576,0.12,0.0100000000000002,4.98,0.01,0,0.01,-0.00271974121022822,-0.0121639533455493,0.000939799932548446,-0.0636662714686986,0.0107260750093676,6.97260625130175
2014.33333333333,0.00298545671120287,0.00163415753887453,0.000967202496349628,0.0594999999999999,-0.5,0.00226579365293667,41.3,0.00186024911836258,0.00147953620613794,0.000172733409474546,6.94985645500077,0.000397019142610588,0.00743141380002532,0.0600000000000001,-0.0100000000000002,4.81,0.01,-0.02,-0.02,0.000814818441067899,0.00251721268934091,-0.000177522972686361,0.0127188897953552,0.0101940474836155,6.99393297522319
2014.41666666667,0.00278453609069729,0.00216744107971056,0.00382432097151497,0.2607,0.0999999999999996,0.00155340678827187,41.4,0.000929151763456648,-0.00794859404368164,-0.000126661586856258,6.91473089271856,0.0135909370298339,0.00559691845090338,-0.11,-0.15,4.67,0,0,-0.01,0.00174879692161589,-0.0033409390370096,3.8747314177634e-05,-0.0114433852908942,0.00166001641784952,6.92559519711047
2014.5,0.00371016054888074,0.00350393049370279,0.00342631378895231,0.3202,-0.2,0.00242282767186985,41.5,-0.000465871069169399,0.00596101022875217,-0.000557811273540487,6.81454289725996,0.0298808217385522,0.00391111609674311,0.0899999999999999,0.04,4.7,0.01,0.01,0,-0.000892363389953132,0.000307506308144134,-0.000580937202943943,0.0336429216087861,0.0024649772661558,6.9177056098353
2014.58333333333,0.00270549132946662,0.00216606975837585,0.00221878551799914,0.414500000000004,0.100000000000001,0.00160477292365613,41.5,0.00185184879555234,-0.00248447332766233,0.000327438475746789,6.98933526597456,0.0132699597100769,0.00930129740984953,0.02,-0.0600000000000001,4.64,-0.01,-0.01,0.01,-5.84638694114403e-05,0.00289244573930425,-0.00019540787604555,-0.0557352300247027,0.00180971402607888,6.98100574072173
2014.66666666667,0.00504358152487328,0.00677263420856811,-0.00188983782647423,-0.383600000000001,-0.100000000000001,0.00141553010799278,41.5,-0.00139307050955129,-0.00049640110227589,-0.00154119582556067,6.89162589705225,-0.00588112902522919,-0.0216794606916837,-0.0700000000000001,-0.12,4.6,0,0,0,-0.002685562395909,-0.000855247997757935,-0.00128486655171134,-0.0494681729089921,0.0076792960614025,6.95368421087054
2014.75,0.00347115492348316,0.000291546765626371,0.00286931975014948,0.069500000000005,-0.199999999999999,0.00210879747627324,41.6,-1.92188949954541e-06,-0.00248719136461251,0.000472312577574741,6.93049476595163,0.0160316575177868,-0.0248572968087556,0.14,0.11,4.71,0,-0.01,0,0.00151588844761008,-0.00175408551515144,0.000231602591247437,0.0353809516783823,-0.00276240704559605,6.98193467715639
2014.83333333333,0.00506588210782155,0.00639261755105291,0.000119336084026145,0.000399999999999068,-0.2,0.00168241132750069,41.6,-0.000924000546809189,-8.92846956546123e-06,-0.000646836175971721,6.97914527506881,-0.0284766729644419,-0.0133483628234271,-0.22,-0.23,4.6,0,0,-0.01,0.00276821070624145,-0.00519713073534067,-0.000269521933069505,-0.0641851923118724,0.00397637899069281,6.99759598298193
2014.91666666667,0.00569144324474458,0.00253922813229313,0.00615315135018957,0.609399999999994,0.0999999999999996,0.00207941136855716,41.6,-0.00046136102317762,-0.000510109614747734,-0.000657692763405215,6.90875477931522,0.0539077329151008,-0.019030249285106,0.0700000000000001,0.0300000000000002,4.7,0,0,0.03,-0.0028646235434433,0.00904165951111224,-0.00168650109375967,-0.00831343330682,0.00279763793779431,6.96508034560141
2015,0.00683624782373471,0.00276758365863561,-7.90677717281696e-05,-0.0722999999999985,-0.2,0.00196111354228101,41.6,0,-0.010123621160564,-0.000803721547878666,6.9782137426307,0.00473305525862244,-0.0080853536121529,0.0199999999999998,-0.12,4.62,0.03,0.01,0.08,0.0036040059025062,0.00022847935166137,-0.00120494207358224,-0.137924656326687,-0.00695767400636704,6.97728134163075
2015.08333333333,0.00875024644581046,0.00237677903936273,-0.00787922848747691,-0.35329999999999,0.100000000000001,0.0014523089990206,41.5,0.00230361769689269,-0.00431834669210218,-0.00305057589531188,6.98933526597456,-0.012781714508435,-0.0326151172121528,-0.27,-0.33,4.34,-0.01,0,-0.00999999999999998,0.000305178656509142,-0.0018833219792036,-0.00330131683436274,0.0179025740427514,-0.00443193108674933,6.9555926083963
2015.16666666667,0.00363982959240339,0.00236052296280853,-0.00640590322631507,-0.476500000000001,-0.2,0.00184082924812756,41.4,-0.00460723539378538,0.0189787246594193,0.0065773702242371,6.78671695060508,0.0262861878718335,0.0122741195028554,0.0999999999999999,0.1,4.4,0,-0.01,0.02,0.00246429366808876,-0.00123662754600051,0.00892213038098522,0.296361835646362,-0.00254639591275563,7.02731451403978
2015.25,-0.0018345066915586,0.00300107861020127,-0.00335187250837521,0.367799999999988,-0.0999999999999996,0.000681455217144133,41.2,0.00919861168729996,0.00257691713183661,0.000120589771626989,6.86693328446188,-0.00106194104915414,-0.0245001854144944,0.05,0.0600000000000001,4.43,0,0.01,0.03,-0.0101053473291604,0.00493042071747318,0.000158892708083336,-0.124850988796092,0.0151681761583067,6.97728134163075
2015.33333333333,0.00298133247738086,0.00183015575666534,-0.00547074611149601,0.075800000000001,0,0.00193535412511814,41.2,-0.00552168180386747,-0.0103276793329297,-0.00100209183690225,7.08170858610558,0.00712363935614135,0.000668315202312586,-0.17,-0.1,4.36,0.01,-0.01,-0.02,0.00304946079580404,-0.00614655483213244,-0.00164839370419934,0.185951166560431,0.00189605835747919,7.06133436691044
2015.41666666667,0.00209177227741719,0.00300771150106094,-0.00442282984484343,0.104400000000012,0.199999999999999,0.00241923622063211,41.1,0.000911358672442741,0.0180569636629242,0.00151072947728537,6.98378996525813,0.00812023098405756,0.0320826884983738,0.19,0.26,4.77,0,0,0.00999999999999998,-0.00051707850647098,0.000532162907486367,0.00225038381167142,-0.0450184609280138,0.00778374624650269,7.14834574390007
2015.5,0.000413294008549059,0.000705764651526053,-0.00315001851362062,-0.226500000000001,-0.3,0.00120742688024755,41.2,0.000905124509117616,-0.00571802821518563,-0.000456837454366088,7.09423484592476,-0.00600776402535885,0.0077339905997364,0.14,0.16,5,0.01,0,0.04,0.00104306314305624,0.000479933857273629,-0.000528222532338418,-0.0755836490187218,0.000196388283102422,7.2291138777933
2015.58333333333,0.00163989732567948,0.00371022839365942,0.00646008219060779,0.639199999999988,-0.0999999999999996,0.00198801616409661,41.2,-0.00364485794705649,-0.00664218740294231,-0.00102776960406992,7.04403289727469,-0.00245622442209825,-0.00102774931965305,-0.05,-0.04,5.07,0,0.01,0.02,0.000253818336656053,-0.0039223428441435,-0.0011790342677207,-0.17071390704738,0.00907161977574589,7.03878354138854
2015.66666666667,0.00198458361169607,0.00246237151130924,-0.00184021074428653,-0.2179,-0.100000000000001,0.000943276759743483,41.3,0.00272830747697128,-0.0025579334471395,-0.000840539444677546,7.02997291170639,-0.0262568875667295,0.00115614374751122,-0.0899999999999999,-0.15,5.05,0.01,0.04,0.08,8.59051499126906e-05,0.00237272496748986,-0.00158926399333748,-0.0102135133012666,-0.000210456997963959,7.0604763659998
2015.75,0.00266477015985167,0.000585884388294211,-0.00279496731355522,-0.189799999999991,-0.0999999999999996,0.00105485241848768,41.2,-0.00363657162587883,-0.00878709662306498,-0.00145569900698828,7.10987946307227,-0.0474133285643452,-0.0155262531550893,-0.05,0,5.2,0,-0.05,-0.01,0.00137537651223241,-0.00108054804544366,-0.00224591604592916,0.230791031219041,-0.00449578625852887,7.04228617193974
2015.83333333333,0.00241009233537071,0.000690066211003426,-0.00484723531952813,-0.0990000000000038,0,0.00213442756930249,41.3,0.00770967622415197,0.00976953629087252,0.00138398394115935,6.96413561241824,0.0626457413996109,0.000325934620401092,-0.1,-0.1,5.22,-0.02,0,-0.11,-0.000892539781501611,0.00145540362319707,0.00323910993731857,-0.0429604523085505,-0.0026725566808885,7.05617528410041
2015.91666666667,-0.000156644519817561,0.001660479414058,-0.00738451773168602,-0.202399999999997,0.0999999999999996,0.00160483868676131,41.2,-0.00589457627875545,0.00363434281249653,0.000625592923513274,7.06646697013696,0.00454743304956384,-0.00975873088203877,0.28,0.19,5.34,0,0.1,0.22,0.00327594747967197,0.000649901148200627,0.000204911701304766,-0.101461227064351,0.00366327446418424,7.12608727329912
2016,0.00423281761019467,0.00315669653138162,-0.0049161232406858,-0.212800000000001,-0.0999999999999996,0.00188187613472302,41.3,0.00225458838021053,-0.00781158405023774,-0.00146664449262524,7.04403289727469,-0.0128378670789271,-0.014117881545785,0.03,-0.0199999999999996,5.22,0.12,0.11,0.17,-0.00174125902306344,-0.00503089519616129,-0.00227003675286763,-0.0467301147083514,0.00418380306856392,7.09920174355309
2016.08333333333,0.00131396102761805,0.00167327528037386,0.00522653483991409,0.284599999999998,-0.2,0.000929137610636843,41.4,-0.00225601256964092,0.00415550548579802,0.00125140899618437,6.99576615630485,-0.0682323057395662,-0.0401102348870128,-0.18,-0.15,5.11,0.1,0.03,-0.11,0.0053624932235472,0.00228822571564535,0.000617583569064273,-0.0283029351819502,-0.00608657584763073,7.06561336359772
2016.16666666667,0.000550146034825616,0.00664461148902262,-0.00519826431929982,-0.290099999999995,0.100000000000001,0.00136768380378172,41.1,-0.000900698056204519,-0.00474746083018829,-0.000933592674285499,7.11069612297883,-0.008148400629719,-0.00711250470645597,-0.3,-0.31,4.96,0.04,0.05,-0.01,-0.0052993289444867,0.00617983963420166,-0.000872011445784082,0.1164763348187,0.0082734900311543,7.06646697013696
2016.25,-6.24576114169884e-05,-0.00373086557779878,-0.00744756148301651,-0.0854999999999961,0.0999999999999996,0.00178355001506603,41,0.00763170843676697,0.00947428368605863,0.00286028363612711,7.01301578963963,0.0606150395284599,-0.0028732631281243,0.16,0.11,4.77,-0.02,-0.02,0.13,-0.00180272078466182,0.00342535709157143,0.00446045313516397,0.257743823608026,-0.00284980638600985,7.01929665371504
2016.33333333333,-0.00153696554058946,0.00264714552561074,0.00337646555870652,-0.116500000000002,0.0999999999999996,0.00133557804463358,41.1,-0.00316439350730002,0.00104653075758776,0.000933834496185781,7.05875815251866,0.02615896848926,0.00490059787821739,-0.12,-0.0799999999999998,4.42,0.01,-0.06,-0.1,0.00223348097494025,-0.00740843221711707,0.000693433914282338,-0.132083355959244,0.00541243379264955,7.05617528410041
2016.41666666667,-0.000475125267325183,0.00164060481206274,-0.00227036971985672,-0.0948000000000064,-0.3,0.000319717539229103,41.1,-0.00134792517098692,0.000513492707524321,-0.00163944471671673,7.04577657687951,-0.0048248260142687,0.0142151268602201,0.04,0,4.31,0,0.04,0.0299999999999999,-0.000936912001890278,-0.000620562847924333,-0.00146202113205529,0.0547199733504171,0.00277832903637076,7.09423484592476
2016.5,0.00104828398736601,0.00443368469490224,0.00471258849156975,0.134700000000009,0.100000000000001,0.00171499831999711,41.2,0.00264776399642708,0.00310995809641668,0.000119394433105491,7.09257371597468,0.00883980461319567,-0.0227717788706524,-0.13,-0.17,4.15,0.01,0,-0.0399999999999999,-0.00057221468970603,-0.00589250054146362,0.000410805642879986,-0.0935504047280911,0.0105993108210001,7.09672137849476
2016.58333333333,0.00424666613284153,0.00182536070782735,0.00117140235496294,0.0063999999999993,-0.100000000000001,0.00258429406612137,41.3,-0.00443341244320772,-0.00677968698537867,-0.00157795153814444,7.12205988162914,0.0307197439177402,-0.0778263869126561,-0.0999999999999999,-0.14,3.83,0.01,0.03,-0.04,-0.000502300853437276,0.00210309673572873,-0.0032759390773478,-0.131008027389617,-0.000995526878112329,7.08840877867539
2016.66666666667,0.00111025506046047,0.00107519735107697,-0.00150821967723314,-0.346600000000009,0.100000000000001,0.000975167878758398,41.1,0.000440234646911009,-0.00312337578226796,0.00121924703402065,7.06561336359772,0.0132121615509559,-0.00251572459724719,0.0599999999999998,0.0600000000000001,3.84,0.01,0,0.0599999999999999,0.0023010666996548,-0.00652171828765891,0.00235134172349838,0.0896225188148985,0.000348991651081931,7.09090982207998
2016.75,0.00235373474158074,0.00266763581967489,-0.00105569108727277,0.125100000000003,0.0999999999999996,0.0021130561538083,41.2,0.000438488062891373,0.00728571269695522,0.000504953300420219,6.97354301952014,-0.00913003986945427,0.00297244988493089,0.05,0.0699999999999998,3.91,0,-0.01,0.02,-0.00184814777221121,0.0123188286560367,0.000772261104583727,0.0086671606686779,0.00688816258793423,7.17242457712485
2016.83333333333,0.00171590084358009,-0.000459429804656075,0.000155943998193742,0.0630000000000024,-0.0999999999999996,0.000675787525029392,41.3,0.000436171229297955,0.00153273413423793,0.000148136847300862,7.1800698743028,-0.00682215582883661,-0.0636256958802115,0.0900000000000001,0.13,3.98,0,0.04,0.0700000000000001,0.00092309269140145,-0.00152677470786333,-0.000279827501013408,0.0867251037065753,0.00174439868559162,7.13409372119287
2016.91666666667,0.00265836029246103,0.00168354502432955,-0.00418040872570646,-0.0628999999999991,-0.2,0.000813097809466257,41.3,-0.00132032304075258,-0.00776225524759067,-0.00171149556553285,7.03878354138854,0.010199693347098,0.00823847644903869,0.33,0.38,4.3,0.00999999999999995,0.12,0.08,2.18493421222377e-05,-0.00614925940500921,-0.00116169438011315,-0.183349441737386,9.91474422438188e-05,7.11476944836646
2017,0.0029248240444506,0.00700973053625464,0.00681259458935557,0.0381,0,0.00154856857207442,41.1,-7.70143241179966e-07,0.0108233565481273,0.0013836923264563,7.13249755166004,0.037015573142007,0.00409392504362219,0.36,0.35,4.29,0.13,0.06,0.13,-0.00224050525591935,-0.00430138200963714,0.00134308760203972,0.215834643756498,0.0118551931240045,7.12929754892937
2017.08333333333,0.00299467025695854,0.000597108595357554,-0.00263218586364911,0.153999999999996,0,0.00151184074756294,41.1,0.0017497786996894,-0.000584523200142684,0.00211088074057564,7.08170858610558,0.0126014826164251,-0.00933608390899396,-0.04,-0.0600000000000001,4.01,0.11,0,-0.04,0.00231038100739944,0.00208012683598469,0.00151358451797634,-0.119297447341474,0.0110576118796128,7.17242457712485
2017.16666666667,0.00294379829184344,0.000536081861410409,-0.00402281929464987,-0.0367999999999995,-0.100000000000001,0.00149584553441429,41.2,-0.0030643214064181,-0.00512441469385028,-0.00247176383842707,7.14755927118945,0.0237968419575667,0.0102969295269958,-0.02,-0.0100000000000002,3.98,0.01,0.01,-0.01,-0.000636857920238043,0.000883665131719447,-0.00244353500036087,0.00816103878583441,-0.000275655329215141,7.11801620446533
2017.25,0.003659053389379,0.00442936205926969,0.00657724116591663,-0.184600000000003,-0.199999999999999,0.000849850641932548,41,0.0034947881711731,-0.00355446246532942,-0.00186878326401896,7.08170858610558,0.0068650595654054,-0.0119154457013092,0.11,0.0600000000000001,3.89,0.13,0.22,0.19,-0.000515893457963656,-0.00873658252628307,-0.00205870122217178,-0.0988959130780551,-0.00131471486395718,7.14834574390007
2017.33333333333,0.00179685749822944,0.000332167395288074,0.0101359365050238,0.9786,0,0.00140341291924706,41.2,-0.00262142367173634,0.00556796755569167,0.00241930804143475,7.04403289727469,0.00567450361933375,0.0233741530793827,-0.19,-0.18,3.67,0.11,0.0600000000000001,0.03,-0.000383157121834898,0.00984689322164733,0.00170070268003464,0.115057330282684,0.00344905880427682,7.13169851046691
2017.41666666667,0.00631452148034306,0.000633831532706353,0.00118303478170922,-0.0164999999999935,0,0.00140144611134652,41.3,0.00434764291002132,-0.0152079600480359,-0.00233833543372697,7.05358572719368,0.0151601545659696,0.022685578607427,0.02,0,3.64,0.01,0.09,0.0800000000000001,-0.000260493230737069,0.000744932497734219,-0.00200766951679654,-0.0863190666199691,-0.00543518250180419,7.09672137849476
2017.5,0.00101361542171752,0.0031932226438629,0.0020579802852092,0.156999999999996,-0.100000000000001,0.00138584075456372,41.3,-0.0017513833799141,0.0106570344311674,0.00127360361444939,7.13009851012558,0.0160025281206124,-0.00924673436377338,-0.0700000000000001,-0.11,3.33,0.13,0.09,0.0799999999999998,-0.00228002468955246,-0.00147202164030436,0.00142569407969173,-0.0186467606689233,0.00512134101497175,7.21007962817079
2017.58333333333,0.00335057721512655,0.00251325598769636,-0.00239755988892743,-0.2012,0,0.00128854136558232,41.2,0.00042196050656873,-2.59777809930029e-07,-0.000471525790047167,7.09506437728713,0.00822820916125888,0.0144155018982112,0.1,0.13,3.24,0.11,0.0900000000000001,0.02,0.00258130546311186,0.000957275490332421,-0.000323820138050657,0.102086430501574,-8.81512848618371e-05,7.13568734702814
2017.66666666667,0.00181961176888201,0.000119997600191546,-0.00414716762066014,-0.0284000000000049,0.100000000000001,0.00100105220981028,41.3,-0.00130138150698667,0.0050784715658132,0.00187110748253971,7.05531284333975,0.000863487565667675,-0.00339140143152006,-0.0900000000000001,-0.11,3.15,0.01,-0.0600000000000001,0.01,0.000150376218337911,0.00232753648834194,0.00351364284278333,-0.00179971338881924,0.00199976653702372,7.18462915271731
2017.75,0.00272086985400755,0.00545465869830419,0.00103164160960389,0.120800000000003,-0.100000000000001,0.000605592563596602,41.1,0.00213899872043966,0.00248467200814506,0.00148015115418954,7.07411681619736,0.0147990399582589,0.0295168241121438,0.02,-0.00999999999999979,3.15,-0.01,0.02,0.05,-0.000767669963808615,0.00513161487989677,0.00125215737731921,0.00659262623069878,0.0206093024714917,7.14913159855741
2017.83333333333,0.00395810622139869,0.000944310599234832,0.0122429513273667,0.907700000000006,-0.0999999999999996,0.00095867180314535,41.3,-0.0042918520815407,-0.00506215857223946,-0.00241812732333369,7.13648320859025,0.0254120735304024,-0.0103987072208986,0.18,0.16,3.17,0,0.04,0.12,0.00071896885584799,-0.00422315857845224,-0.00431864447898267,-0.00166502200308782,0.000804764754816389,7.21229446850034
2017.91666666667,0.00250497627079938,0.00546936741813209,0.00238962678056787,0.128699999999995,0,0.00151432354646808,41.5,0.00299337405466504,0.00547042961551103,0.000127438700599392,7.14913159855741,0.0142160313274564,0.00113554650909065,0.0699999999999998,-0.00999999999999979,3.11,0.01,0.16,0.16,-0.00189505566002346,-0.00794337828348102,0.0018897025671949,0.0588639583131014,0.0101186164923313,7.1693500166706
2018,0.00211189546639368,0.00777585933188796,0.00195332986359897,-0.120199999999997,-0.100000000000001,0.00102409341085519,41.2,0.00169247051503474,-0.00600019349461967,1.77914444643434e-05,7.07072410726028,0.0269056445255522,0.0140492900993943,0.13,0.0499999999999998,2.92,0.14,0.0900000000000001,0.14,0.00180888083490593,0.00276747864045035,-0.000559781748146193,-0.0719249965544466,0.00546793339826301,7.1785454837637
2018.08333333333,0.00114342694291558,-0.00103983764360205,-1.87259550115115e-05,-0.169700000000006,-0.0999999999999996,0.000928237803917042,41.1,-0.00129169621154945,-0.000500576606900616,0.00229304757468451,7.1693500166706,0.0460135365139402,0.0308530421866358,0.2,0.18,2.85,0.11,0.0899999999999999,0.1,-0.00345525394848245,0.00241602618020398,0.00213965159565443,0.0741562084370155,-0.00450156200579066,7.18311170174328
2018.16666666667,0.001490510001247,0.000441572594349182,0.00242160662905277,0.717500000000001,0.0999999999999996,0.00266473845096371,41.6,0.00125407467395311,0.000982766463795137,-0.00160021385458542,7.15226885603254,-0.0308088484040931,0.00986151594481099,0.22,0.28,3.09,0.01,0.16,0.16,0.0019012604906834,-0.000841658949020996,-0.00155565457565032,-0.119160024811825,0.00542134748159917,7.18614430452233
2018.25,0.00265400367788615,0.00288993475916222,0.00488635463438403,-0.0116000000000014,-0.0999999999999996,0.00152530620054847,41.6,-0.0025425157895258,-0.0029629651306573,-0.00107764015807277,7.18387071506245,-0.000883887238037673,0.00107384482524459,0.0299999999999998,-0.02,3.13,0.0900000000000001,0.13,0.1,0.00137213979732387,0.00412981829431569,-0.00249632597467198,0.0313499675245161,0.000163199369049849,7.23345541862144
2018.33333333333,0.00111907736957839,0.000899562013102262,0.0109585819031714,0.582100000000011,0,0.000943714259456385,41.7,0.000834853582468931,0,0.00131648228786219,7.15148546390474,-0.0183486590506243,0.00734275264863482,0.0700000000000003,0.0300000000000002,2.98,0.18,0.0600000000000001,0.0899999999999999,-0.00275109149808017,0.0151689652915907,0.00240867715456972,0.0465930592301547,9.08843043436747e-05,7.2283884515736
2018.41666666667,0.00263681763053825,0.00307390789050821,-0.009045665423149,-0.620000000000005,-0.2,0.00216716892486879,41.6,-0.00252118568784532,0.00491884907159612,-0.000662681946597132,7.21303165983487,0.017874958664656,-0.0442193350581176,0.12,0.11,3.13,0.01,0.1,0.12,0.0027085050225093,-0.0174344344292718,-0.000345616622309031,0.000178359315531118,0.0159943744484945,7.19893124068817
2018.5,0.00395720011687573,0.000964137099008333,0.00773932318395598,0.522599999999997,0.2,0.00146455206190055,41.6,0.00125636886616665,-0.00393797601600454,-0.000855282393483314,7.0833878476253,0.0193780074557708,-0.0131521848028825,-0.04,-0.0699999999999998,3.01,0.12,0.0399999999999998,0.0600000000000001,0.000288372907821355,0.00496993183226113,-0.00135466505921844,-0.0853893982970861,-0.00352682336841248,7.20414929203594
2018.58333333333,0.0045939213710966,0.00211977792544982,0.00161307067324312,0.0739999999999981,-0.2,0.000402711596825256,41.6,0.000832618515838046,0.000977991429741643,0.000195090692408861,7.09672137849476,0.0141639248991217,-0.0099789155854626,0,-0.02,2.88,0.0899999999999999,0.0600000000000001,0.0600000000000001,-0.00191462215962801,-0.00209265415505566,-0.000120223567353861,0.0754194127265588,0.00592657601787039,7.19593722647557
2018.66666666667,0.00363869763844704,0.00210560099529289,0.00644272910976706,0.191600000000008,0,0.00172311530849178,41.4,0.00165831017564022,-0.00098086929735608,-0.000363059481576222,7.1608459066643,0.0227136914158228,-0.0218134609179356,-0.00999999999999979,0,2.86,0,0.0699999999999998,0.0600000000000001,0.00104285854130204,-0.00342624729541097,0.00100520959603756,-0.0868125146482743,0.000614238804132583,7.14913159855741
2018.75,-0.000382833562737162,-0.001785108405155,0.000650545274995196,0.0381999999999891,-0.0999999999999996,0.000542468243752481,41.2,-0.00126029738763167,0.00243747531938432,0.00135762255979799,7.13089883029635,0.0151687482299119,0.0144930073025668,0.12,0.11,2.93,0.04,0.1,0.11,-0.00098624146919768,0.00488772141335403,0.000274432705093197,0.0733943792437604,-0.00393522222602449,7.18083119904456
2018.83333333333,0.00145052044920568,0.00291854939140102,-0.00110339005648719,-0.30749999999999,0.0999999999999996,0.00113086985302502,41.3,0.00123099095874712,0.00434779021924836,-0.00032580561713047,7.1074254741107,-0.0408148143518803,-0.00414142780745363,0.11,0.15,2.88,0.24,0.12,0.0899999999999999,-0.00160282134082124,0.00365655138596477,0.000276689469741243,-0.0240089347457522,0.00993810328014533,7.14834574390007
2018.91666666667,0.00224165682413791,0.00532062533960431,0.000793064524438059,-0.196600000000004,0,0.000601716917039141,41.2,-0.000428316062876188,-0.0160137321814933,-0.00138563114610424,7.07411681619736,-0.0225943545091747,-0.00864469724347849,-0.0499999999999998,-0.0299999999999998,3.02,0.0100000000000002,0.0800000000000001,0.0500000000000003,0.000608524901792862,-0.000632414069992926,-0.00304128756764843,-0.224180235772044,0.00489918288786484,7.20042489294496
2019,0.0114116898522028,-0.00858880810512996,0.000245001843542703,0.263300000000001,0.1,0.00128245393729998,41.4,-0.00165439568942105,0.00434421648781846,0.000350477275916639,6.9985096422506,-0.058960017652594,-0.0184639887889154,-0.27,-0.29,2.86,0.0699999999999998,0.04,-0.04,0.00706785539541599,0.00254721794112456,0.00138909909161455,0.076830630692247,-0.0197199211460912,7.18311170174328
2019.08333333333,0.00418442850743261,0.00287114024286694,-0.00666522303835837,-0.688500000000005,0.1,0.00167406473239318,41.6,-4.21295049202186e-06,-0.00543271681589008,-0.00120776072056294,7.11151211649616,0.0154910628661415,0.0185415051642886,-0.14,-0.12,2.72,0.13,0,-0.0800000000000001,-0.00405757370379156,-0.00355428507492661,-0.00149997119215151,0.176845002032777,0.00270940074049264,7.13409372119287
2019.16666666667,0.00227424329740522,0.00049385825335424,-0.00547908849006618,-0.42949999999999,-0.2,4.66469194790875e-05,40.9,-0.00287011374021207,0.0142650901190109,0.00234602106981008,7.02197642307216,0.0550169036157326,0.00887454217373718,-0.0499999999999998,-0.0299999999999998,2.55,0,0.02,-0.0300000000000002,-0.00200288004285909,-0.00651371212911389,0.00381207244729254,0.0303023258624959,0.00266954345654824,7.15929190479756
2019.25,0.0017871213028684,0.00699428357682486,0.000375280492541208,-0.185600000000008,0,0.00151816836877927,41.2,0.00735831418974042,0.00290554185962932,0.000433353910591627,7.0825485693553,0.0176732118625367,0.0115343294574699,-0.12,-0.11,2.44,0.0100000000000002,0.00999999999999979,-0.0599999999999996,0.00058533196742161,-0.000513598793107306,0.00077789954925489,-0.0105724910528506,0.0152186041260638,7.16626597413364
2019.33333333333,-0.000613006163257879,8.65189116456833e-05,-0.00586597714116177,-0.463300000000004,-0.0999999999999996,0.00196752321801874,41.1,-0.00531739211534132,0.000422817360253624,0.000556192589162841,7.14834574390007,0.0349803875881625,-0.0105360571534122,-0.04,-0.04,2.28,0.00999999999999979,-0.02,-0.0700000000000003,-0.00105796578272432,-0.00581672178348924,-2.20304415048389e-05,0.0370651102069202,0.000102139420397052,7.18690102041163
2019.41666666667,0.000370891850922206,0.00369409509472618,0.00115309834632704,0.0169000000000068,-0.1,0.000179277512108555,41,0.000810858097198164,-0.0101905865828051,-0.0020940171161099,7.16472037877186,-0.0170499623008231,-0.0134448015029416,-0.14,-0.13,2.24,-0.0299999999999998,-0.0299999999999998,-0.0800000000000001,0.00483129570873864,0.00545921753924006,-0.00350582664758292,-0.142277407275984,0.0107521920575717,7.20563517641036
2019.5,0.00157018314869717,0.00337510299881583,0.000444271950557962,0.344399999999993,0,0.00145958308381289,41.2,0.000805923506927542,-0.00292062708608309,-0.000251740772458042,7.12528309151071,0.0123450621570891,-0.014101291240606,-0.36,-0.33,2.08,-0.0100000000000002,-0.18,-0.34,0.00137429349205576,8.15208095694686e-07,-0.000571968498195297,-0.0583408088786701,0.00100990907521314,7.1693500166706
2019.58333333333,-0.00034313631272731,0.00471368839746855,-0.00486060386936593,-0.519999999999996,0.1,0.000656117992223315,40.9,-0.00162419360209176,0.00777360740807254,0.000859035822023735,7.12286665859908,0.0359994566780824,-0.0170277825165164,0,-0.00999999999999979,1.88,0.02,-0.0699999999999998,-0.04,-0.00255596090549659,0.000864799015903195,0.00263038278123329,0.15499157090815,0.00757144699630175,7.2291138777933
2019.66666666667,0.00442787987340232,0.00383073204860107,0.0068257248349024,0.522999999999996,-0.1,0.0015358850576046,41.1,0.00161273373821835,-0.00583374259024616,-0.000869536268826465,7.22620901010067,-0.0334664843700292,-0.0244518904227096,-0.34,-0.43,1.75,-0.27,-0.15,-0.19,-9.13987918949033e-05,0.00494577513467842,-0.00139086524004917,-0.0933408475928124,0.00679294582368328,7.30114780585603
2019.75,0.00182579420936335,0.00161701398347969,-0.00338944172338174,-0.579699999999988,-0.1,0.00129572231499253,41.3,-7.96699323490913e-06,0.00291687129512308,0.000144398086874276,7.1785454837637,0.0287995739363076,0.0170414658548518,0.0800000000000001,0.0700000000000001,1.86,-0.0899999999999999,-0.0600000000000001,0.03,0.00103256371810012,-0.00502219908144141,0.000623311419065686,0.0836012153525205,-0.00641783768110749,7.29233717617388
2019.83333333333,0.00195566170520145,6.61378786048772e-05,-0.00847836266428015,-0.602000000000004,0.1,0.000627425101074053,41,0.000392959737837373,0.00630916919326463,0.00116470039367922,7.18916773842032,-0.00150339634748864,0.0230170794174386,-0.04,0.01,2.09,-0.21,-0.24,-0.19,0.00236863521428532,-0.00278209138920804,0.00128562976464774,-0.092231689388802,0.00267861680066872,7.32843735289516
2019.91666666667,0.00344607940235875,0.00536148842682493,0.00500676431521185,0.652100000000004,0,0.00136576439694736,40.9,-0.00120956171154107,-0.00341061643925311,-0.000743075158362139,7.21007962817079,0.0418370349270623,0.017775809658641,0.11,0.1,2.39,-0.28,-0.11,-0.04,-0.00184788257665858,-0.000669336828813094,-1.18263279800246e-05,0.109265072382529,0.0069609584953696,7.3362856600213
2020,-0.00462359493159958,0.00161505415488605,-0.00232668449446383,0.126099999999994,0,0.000837010406044669,40.8,0.00119288822584629,0.00287346904311025,0.00168769393596602,7.34471905414967,0.0228771528548553,0.0173127857467197,0.04,0.05,2.33,0,0,-0.02,-0.00259617460983286,-0.00409887478215687,9.65195015867337e-05,-0.00656929944591278,0.00320557589891912,7.27447955877387
2020.08333333333,0.00969902390161259,0.00457743817269751,-0.00657513858004588,-0.173100000000005,0,0.0015601089315922,40.8,-0.00160126506124136,-0.00817298333465999,-0.000963932902234177,7.36581283720947,0.0314358296706168,-0.00252052835370786,-0.12,-0.1,2.22,0,-0.02,-0.02,3.83686525129434e-05,0.00318091027184675,-0.000988166108752075,-0.0889749605216164,-0.00144909990100395,7.30988148582479
2020.16666666667,0.00432044419253685,-0.00347094255611413,0.00335660145600958,0.19680000000001,-0.1,0.00172184950730525,40.9,0.00237936310149767,-0.00532108455637204,-0.000958880127909012,7.34536484041687,-0.000271527312282416,-0.00945106731384537,-0.24,-0.26,2.03,0.03,0,-0.12,-0.00102638709856251,0.000195580895203662,-0.00144526201810091,-0.0891577653141074,0.00040953022022272,7.28276117960559
2020.25,-0.0138112009536844,-0.0680046249818904,-0.0399054262010248,-3.4897,0.9,-0.0092220662288991,40.7,-0.0019923980734462,-0.0148168795939885,-0.00368613194321643,7.14361760270412,-0.211561843625784,-0.0461340791552461,-0.73,-0.63,3.66,-0.93,-1.23,-1.08,0.0300691211922608,0.0884063729109847,-0.00501329002370188,-0.418886374107655,-0.0956471080775021,7.20489251020467
2020.33333333333,0.114106592980848,-0.115941462959451,-0.141422479015456,-11.1793,10.4,-0.145778214577893,38.6,-0.00435777106360424,-0.00560363510034723,-0.00126917399832838,6.84161547647759,0.0404866934962103,0.00411473411245997,-0.2,-0.21,4.08,-0.6,-0.15,-0.15,0.0277512857987556,0.0431857406925742,-0.00341294659611258,-0.019871029016179,-0.155129113770236,6.98100574072173
2020.41666666667,-0.0432664879778422,0.0799404549063398,0.0164029145284585,2.7439,-1.6,0.0198438187638992,39.5,0.00830956856947163,0.0488242563287553,0.00516234576787422,6.94601399109923,0.05550565699407,-0.0095462257191562,-0.05,0.01,3.9,0,-0.01,-0.02,-0.0127745951996925,-0.0916202753493147,0.00705294957376967,1.11374605022489,0.176518371835234,7.13089883029635
2020.5,-0.000333932341721521,0.0530486838019,0.0634724915918268,5.12569999999999,-2.2,0.0342169459104387,39.8,-0.00751092066224635,-0.0171930301532059,0.00214957864021503,7.14361760270412,0.0614507377593023,0.0178051027957189,0,0.0599999999999999,3.56,0.03,0.03,0.02,-0.0326061028983364,-0.0756604403601626,0.00573451689025006,-0.251917214407138,0.0794989765016663,7.19593722647557
2020.58333333333,0.00951563216008111,0.0152187594529458,0.0367871123008001,2.6516,-0.800000000000001,0.0114400040103835,40.3,0.00591351445110222,0.00196905096319622,-0.000201121875913479,7.3304052118444,0.0326250205380791,0.0141137769402871,-0.06,-0.11,3.22,0.01,-0.03,-0.03,-0.00734381322119582,0.0131490402041727,0.00024771252679745,-0.232941017438844,0.0158303939166622,7.34342622914737
2020.66666666667,-0.0330561388100055,0.00797156144525513,0.00973196043125135,1.22449999999999,-1.8,0.011182795524304,40.6,-0.00276327260071563,-0.00397440334676435,-0.000161232275397438,7.24136628332232,0.0558049898689887,0.0342085669776887,-0.01,0.03,3.18,0.01,-0.03,-0.02,-0.00497498824586984,0.00943905319527794,-0.00135910138081652,-0.0215043006104985,0.00838384573158457,7.33498187887181
2020.75,0.00639190757202535,0.0123630381803466,0.000125050932365589,0.130200000000002,-0.600000000000001,0.00671644579974107,40.4,-0.000786780160678457,0.00246146528728097,-0.0010067112242762,7.29505641646263,-0.00775173588733935,-0.0150251964233609,0,0.03,3.27,-0.01,0.01,0,0.00895417279926747,-0.00526033515814728,-0.00110170183380998,-0.105404361696207,0.019714510314456,7.40000951716269
2020.83333333333,-0.000622830418894438,0.00304093134716599,0.00801742483730639,0.860200000000006,-0.899999999999999,0.00485523242066677,40.7,0.0015661688650308,-0.000505816414933413,-0.000887219840199904,7.34148385236316,0.0156778787483169,0.00254561019943378,0.07,0.11,3.35,0,-0.01,0,-0.0042944821063422,-0.00284549510072463,-0.00138498770718076,0.0603252676059194,-0.00405029727653172,7.38585107812521
2020.91666666667,-0.00826999566590736,-0.00263176798536691,0.00353109679099894,0.458399999999997,-0.2,0.00191449357722995,40.8,0.00389160636639518,-0.00147913763291641,0.000122714527894807,7.34148385236316,0.0374026941125791,0.016655591685286,0.05,0.08,3.21,0,-0.01,-0.01,0.00383738676011447,-0.000287723134195339,0.00103384141429341,0.0441623548277112,-0.00964170536368414,7.44014668066269
2021,0.00195660377933748,0.00402560215514924,0.0131128551110438,0.635400000000004,0,-0.00129696703203486,40.9,-0.00352372839484127,0.0092352306187955,0.00316388607027207,7.38647084882989,0.0404013920740542,0.0177235038834428,0,0.0600000000000001,3.07,0,0,-0.02,-0.00404507775531115,0.00503357430636164,0.00206534077197951,0.100123698949525,0.00859128314959001,7.46851327149634
2021.08333333333,0.0961533355581139,0.0126169194015135,0.00526452556660395,0.800899999999999,-0.3,0.00220734399094447,41.1,-7.37278984663803e-06,-0.000123942984980197,4.85408444443891e-05,7.39633529380081,0.0262905277863528,0.0152911566663105,0.06,0.15,3.15,0,-0.01,0,0.00369669528636507,0.00649942995641073,-0.0018899271130346,-0.0377947874092763,0.0376842084349907,7.52563997504154
2021.16666666667,-0.075160090901127,-0.00923995989883775,-0.0336005769994232,-3.0445,-0.2,0.00361231933838013,40.4,-0.00116541063438858,0.0012982180468315,-0.000909434469706483,7.24708058458576,0.0233638079119736,0.0164319532607439,0.09,0.18,3.34,-0.01,-0.04,-0.03,0.000327179270305678,0.0211438742482484,0.000942959309562674,0.0263007862412854,-0.025975062888687,7.44483327389219
2021.25,0.183648444243431,0.0421511075529155,0.0285657862324502,2.3501,-0.100000000000001,0.00592466581517215,41.2,0.00230886208094416,-0.00342598954249329,0.00186833561194888,7.43602781635185,0.00694901653636215,-0.000288496215488099,0.28,0.35,3.67,-0.01,-0.01,0.01,-0.000733389792804573,-0.00972241284495023,0.00183958811758433,-0.0727437911822473,0.102294473937812,7.47079377419506
2021.33333333333,-0.143253523881571,0.00787267177048268,0.00175785787732075,0.185299999999998,0,0.00245828826204253,41.1,0.00419250722370013,-0.00333584905237494,6.6145022603159e-05,7.30988148582479,0.0573129711061391,-0.00129926393331387,0.04,0.0299999999999998,3.53,0,-0.01,-0.02,0.00547554487674162,-0.0119026958856656,0.000989762099385061,-0.0640624938543413,0.00887397765202991,7.45066079621154
2021.41666666667,-0.0241600385173939,-0.00166315345188472,0.00883475785639298,0.852500000000006,-0.3,0.0033005153350949,40.9,-0.00309799937248556,0.00459194803994833,-9.21737989934002e-05,7.37086016653672,0.00641954393963395,0.0171152446698809,-0.04,-0.0199999999999998,3.56,-0.01,0,-0.01,-0.00363584882341961,0.00762510986791298,0.0003938711466418,0.0642260361751283,-0.00605976111527795,7.44014668066269
2021.5,-0.00358092365378404,0.00816331063916031,0.00366808956092424,0.0345999999999975,0.100000000000001,0.0051910665412489,40.6,-0.000780521265899115,0.00399818862633072,0.000230967524626813,7.40853056689463,0.016806758418527,-0.00419794988404609,0.02,-0.1,3.36,0.02,0.02,0.02,-0.0111264817925179,-0.022702236431857,0.00181304228201729,0.0366272648683958,0.0109561146932062,7.41095187558364
2021.58333333333,0.00615283176405867,-0.00158085854768153,0.0045308614450601,0.7273,-0.5,0.00643924270740825,40.8,0.000359268149479508,-0.0078557972619695,-0.000843201041467623,7.37588214821501,0.0291155392288331,-0.0155933170676879,-0.08,-0.2,3.14,0.02,0.01,0.01,0.00548177199164002,0.015675668179024,-0.00382205490162768,-0.0755875744669527,-0.0166971674438159,7.41336733569524
2021.66666666667,-0.00142758602323134,0.00677914342976926,-0.00207892809413401,-0.369900000000001,-0.300000000000001,0.00375413599411445,40.8,0.00147771443546452,0.00318342140022576,-0.000731555825455921,7.37400185935016,0.0205271033870194,-0.000796957115175745,0.01,-0.04,3.15,-0.01,0,-0.01,0.0012593700400938,0.00222053714136017,-0.00176524054487626,-0.083350311336746,0.00615564953640302,7.4593388952203
2021.75,-0.00898128460980274,0.00135742411949913,-0.0119236250388361,-0.902699999999996,-0.399999999999999,0.00309741508630168,41.1,-0.00264342048078881,0.00801341393111699,-0.000541497006167013,7.36327958696304,-0.00194836995257575,-0.00472230163045079,0.09,0.0900000000000001,3.15,-0.01,-0.01,0.01,-0.000790672050774432,0.00418044368474835,0.00167641596805623,0.124183349133342,0.00681040548569278,7.40245152081824
2021.83333333333,0.00125369727563118,0.00631920616276904,0.0133459909804463,1.0825,-0.2,0.00540591106044452,40.6,-0.000755040172342181,-0.0056250454341642,0.00331726647706088,7.36454701425564,0.00340659978566826,-0.00226005272447394,0.25,0.21,3.27,0,0.01,0.03,-0.000262062749422753,0.0065158372702161,0.00507674306307937,0.0723004960370561,0.0144957449470731,7.44249272279444
2021.91666666667,-0.00158300856484495,0.00201549978235338,0.00675749830216343,0.445700000000002,-0.4,0.00441905071682314,41.1,0.00184678694229978,-0.00133503387858447,4.64894428366946e-05,7.44132038971762,0.0452920827486381,-0.0175236408738739,0.0899999999999999,-0.02,3.2,0,0,0.07,0.000245080893297001,0.00418615007567436,-0.0010622705147787,-0.157577242116009,0.0101348170586899,7.4759059693674
2022,-0.00298867028702254,-0.00376143959415387,-0.00290710001300631,-0.115499999999997,-0.2,0.00391913451482928,41.1,0.00145408633678556,-0.00663011766032096,-0.000462650632756301,7.45124168498768,0.00157993473354345,-0.0119556082953291,0.03,-0.0900000000000001,3.22,0,0.01,0.12,-0.000705234775347563,0.00968977837748142,-0.00164828201500988,-0.0697017734009533,-0.00793055637358719,7.5595594960077
2022.08333333333,-0.00563400515317269,0.000573498222434132,-0.00385538901389459,-0.697300000000013,0.1,0.00126741883807036,40.8,-0.00149990640140008,0.00754598376310245,-0.000720296712203528,7.43955930913332,-0.0218312217072025,0.0187659092488601,0.31,0.29,3.5,0,0.09,0.25,-0.00172156567349546,-0.00999480172856959,-0.000853662962744473,0.247572074092849,0.0184927204316594,7.56008046502183
2022.16666666667,0.000853602689918631,0.000670134933816513,0.00617737993695133,0.437000000000012,-0.1,0.00544493103054933,41.3,-1.93498660028268e-05,0.00693221081224138,0.000428744988269614,7.45876269238096,-0.0306001810505485,-0.00110721546649983,0.27,0.17,3.89,0,0.18,0.45,-0.00101133653436314,-0.000736866719722507,0.000874666503119848,-0.0524773416298112,0.0103843845550937,7.52671756135271
2022.25,-0.00422531367944323,0.00521345070001455,0.00577952528935999,0.3827,-0.2,0.00324353233326846,40.8,-0.000746189140262032,0.00289882456891455,0.00287011296929585,7.44541755670169,-0.0101300818123402,-0.027858623549415,0.3,0.2,4.09,0.12,0.11,0.34,-0.00284887064615447,0.0110119223521359,0.00419213881849956,0.072502161364719,0.0200545379773409,7.53262361878879
2022.33333333333,0.000411050436980531,0.00516896455524307,0.000486119714331323,-0.0683000000000078,0,0.00203342008019192,40.8,0.000711152030119067,-0.0140151911040629,-0.00576478225227017,7.50659178007084,6.83171326798515e-06,-0.0180074595016068,0.67,0.62,4.33,0.13,0.32,0.55,-0.000305889856974773,-0.0053724240839621,-0.00801603347760338,-0.232818867215047,0.0139826152197937,7.52779398772144
2022.41666666667,-0.00228098511163211,-0.00138801008731448,-0.00105043321531362,-0.364099999999993,-0.1,0.00198321906430721,40.8,0.00501529460255679,0.0142539238746213,0.0031989846565148,7.33367639565768,-0.0832915138986223,-0.0390258817514096,0.0900000000000003,0.15,4.36,0.44,0.22,0.17,-0.00402640707527446,0.00677266248221375,0.00636168858010677,0.137503996700617,-0.000525741258025292,7.44073370738926
2022.5,-0.0048529918594582,0.000620041326841125,-0.00311833868946998,-0.441699999999997,0,0.00285261891471578,40.5,-0.0068618242023919,0.00541911627208158,0.00339721586362529,7.34665516317654,-0.0356265107967264,-0.00953234457632385,0.32,0.24,4.08,0.44,0.51,0.59,0.000486827988135374,0.00459976704190712,0.00304248874119306,-0.0264086556694005,0.00945133585312341,7.4599147662411
2022.58333333333,0.00943297317048319,0.000890091249480918,0.00202728497397242,0.0184999999999889,-0.1,0.00467538421650282,40.7,0.00177657706389756,-0.0468440755932216,-0.00964818112804178,7.23056315340929,0.00327244526852155,-0.0274012288804109,-0.23,-0.24,3.56,0.47,0.74,0.37,0.00212440988571672,-0.0101534772226586,-0.0126319702498483,-0.169458278298666,-0.0099015415228596,7.44014668066269
2022.66666666667,0.0034386667931976,0.00541073199085762,-0.00125247582966992,-0.0478999999999985,0.1,0.00189274092676506,40.6,-0.0010830498566321,0.00770447857330137,0.00284270744818294,7.33367639565768,0.0611891291161637,-0.000333750524583343,0.0699999999999998,0,2.82,0.65,0.4,0.26,-0.00148660486696528,-0.00252035639883097,0.000772903676296899,0.0408370901427304,0.00607053702461968,7.350516171834
2022.75,0.00225344556902485,0.000693794040387274,0.00193193236960543,0.0105000000000075,-0.1,0.00143348648400199,40.6,0.00175813244329959,0.0200008962227027,0.000759371549501786,7.30518821539304,-0.0769606563876355,-0.0569179059253427,0.67,0.62,3.11,0.23,0.5,0.61,-0.00236026016950852,-0.000520391234845263,0.00360997972566679,-0.0244083117256215,-0.00258333351254869,7.37775890822787
2022.83333333333,0.00196123307228646,0.00180161501109399,-0.000384112746256271,0.189899999999994,0.1,0.00232179370107488,40.7,0.000327082563797987,0.00122903107830918,0.00111602748868744,7.26892012819372,-0.0328595128086331,0.00105950919323333,0.48,0.46,3.18,0.52,0.59,0.54,-0.000545899197343047,-7.95580743160329e-05,0.00134546433469307,0.144173512851158,0.0102471725840978,7.37400185935016
2022.91666666667,0.000475180994618185,-0.00267760977645004,-0.00294449347072856,-0.635800000000003,0,0.00196637753549211,40.5,-0.000727343993766727,-0.00666214728990155,-0.00207490797206678,7.26122509197192,0.05010245129073,0.0342632935106574,-0.12,-0.0899999999999999,2.32,0.7,0.43,0.300000000000001,0.00173834351322988,-0.00207807362198942,-0.00296854040707384,-0.0753009727353149,-0.0138738748712317,7.24494154633701
2023,0.0028149938176405,-0.000876762805033238,-0.0118454007975251,-1.3498,-0.1,0.000648121765875587,40.3,0.00102369621977605,-0.0132503542605926,-0.00123073382996441,7.17625453201714,-0.00130525812701521,0.0379013868028234,-0.3,-0.27,1.5,0.32,0.0999999999999996,-0.0500000000000007,-0.00399608754234571,-0.00341591821632825,-0.00245667742229561,-0.0617075982511386,-0.0117372866067527,7.25134498337221
2023.08333333333,0.00184639180844925,0.0128485120363537,0.0073760242218297,1.29140000000001,0,0.00280799102716323,41,0.000314967228218332,0.0240250640547996,0.00398871585691563,7.21597500265147,0.0122647935763176,0.00466888672178015,-0.12,-0.0900000000000003,1.17,0.23,0.29,0.0100000000000007,0.00586464529845543,0.00185940092574466,0.00514600850538205,0.120445755441869,0.0427837888838472,7.25134498337221
2023.16666666667,0.0034770061597662,-0.000626080115820216,0.00135821357158683,-0.0104000000000042,0.1,0.00187192236483291,40.7,-0.00382441962437152,-0.0208325627289261,-0.0023963704132095,7.24351297466548,0.0296078759219096,-0.0125818854791056,0.3,0.22,1.02,0.24,0.11,0.239999999999999,-0.000259711666391382,-0.00675877397832636,-0.00187728363315021,-0.0383909037653396,-0.0119802823748305,7.38894609761844
2023.25,0.00441222841465816,0.000137256584242351,0.00375777546565903,-0.539400000000001,-0.1,0.000438426828429428,40.4,0.00206040497284699,-0.000114197007540007,-0.00153001688349175,7.22766249872866,-0.0276152454704999,0.00445876388923791,-0.12,-0.0899999999999999,1.06,0.0800000000000001,0.04,-0.25,-0.0136284823719812,-0.00136436006516139,-0.00219270788295312,-0.0306565513847348,-0.0105907035481643,7.29979736675816
2023.33333333333,0.00135134332863984,0.00308330294457448,0.00229886863472384,0.632900000000006,-0.1,0.00155229026142756,40.5,0.0010095016486158,0.0100954127666357,0.00203423690609661,7.21081845347222,0.0378065873442228,0.0250582587333627,-0.28,-0.2,0.7,0.18,0.23,0,0.00763544453815079,-0.00635962721211492,0.00215703556680058,0.128147641130519,0.00812095226186749,7.29573507274928
2023.41666666667,0.00297945474878247,-0.000427668443732543,-0.0032089990224673,-0.1858,0.2,0.00180046989447646,40.4,-0.000707052045516132,-0.0124074234141025,-0.00179137747869174,7.36770857237437,0.0059751207083778,0.00304853826150689,0.0499999999999998,0.11,0.72,0.23,0.22,0.23,0.0104361598573508,0.00787659296339793,-0.00177361187410785,-0.185152360261696,0.0050699456113108,7.36201055125973
2023.5,0.00107838166025509,0.00314336735521614,-0.00804786480502262,-0.569400000000002,0,0.00144446074515692,40.5,0.0020122405405214,0.0139567806884227,0.000993860115526601,7.2591161280971,0.0469258938931016,0.0113895540480103,0.36,0.18,0.67,0.0200000000000005,0.0200000000000005,0.33,-0.00419974813664048,-0.0021402143974214,0.000625859159596232,0.0855567905208217,0.00475937950356453,7.28892769452126
2023.58333333333,0.00220456587748608,0.00476450669886219,0.00783085618377655,0.239199999999997,-0.1,0.00104512982266236,40.4,-0.00239702865029345,-0.0029689955358787,-0.00150662893618403,7.28619171470238,0.0367604318061723,0.0208471499721572,0.19,0.15,0.62,0.04,0.0899999999999999,0.13,0.000417378674514524,0.00342982629920385,-0.000284010340878993,0.0983490579193784,0.00192838195971134,7.32778053842163
2023.66666666667,0.00132377387385674,0.000644865703613995,-0.000668166927796143,-0.0730999999999966,0.2,0.00139607584537593,40.6,-0.000351973793167648,0.0152889361866082,0.00186038794149912,7.18311170174328,-0.0113146797268335,-0.014610205584359,0.17,0.27,0.69,0.21,0.0499999999999998,0,-0.000706894889955123,0.00145357656687839,0.0028688189446715,-0.0119952144656148,0.00928864884112102,7.35308192051543
2023.75,0.00030271381559821,0.00128001373782549,0.00180124530768744,0.017799999999994,0,0.000997831717892694,40.5,0.000655037955074267,-0.00526791021785034,0.000699537575777676,7.22329567956231,-0.0108860755235494,-0.025911283405787,0.180000000000001,0.21,0.83,0,0.0200000000000005,0.0700000000000003,0.00010950956549749,-2.64233579487794e-05,-0.000930726339096744,0.0266053346894006,0.00676489563185179,7.3375877435386
2023.83333333333,0.00309245315880169,0.00269031143128728,-0.00548117904107315,-0.412099999999995,0.2,0.00101599725027413,40.6,-0.00268465815879049,-0.0269745336914458,-0.00316959974776232,7.2211050981825,-0.0321972848537495,-0.0167783704699009,0.279999999999999,0.42,1.3,0,0.0199999999999996,-0.0200000000000005,-0.000675883816651179,0.0027607599678765,-0.00252741054059413,-0.137507513655748,-0.00473265778654408,7.33171496972647
2023.91666666667,0.00486797636326131,0.003559022749414,0.00392385648842364,0.270600000000002,-0.2,0.000810778934797085,40.6,0.00729894176046564,0.0130258107215591,-0.000461111987481999,7.32251043399739,0.0436889167114192,0.0212912317029505,-0.279999999999999,-0.3,0.96,0,-0.0700000000000003,-0.14,0.00197568817693394,-0.00687188518020232,0.000101988414143328,-0.0541221821225442,-0.00119579212135079,7.31521838975297
2024,0.00309648976187304,0.00406637821406353,-0.00258901106065057,-0.0760000000000076,0.0999999999999996,0.000982268225424576,40.4,-0.00336271960481982,0.00252521463862276,0.00129953985448505,7.32712329225929,0.0492143691357469,0.0175345211387073,-0.49,-0.48,0.31,0,-0.0299999999999994,-0.32,-0.000221806769406641,0.00226621627600743,0.000454646205085396,0.0199756305238239,0.00138378053657107,7.32580750259577
2024.08333333333,0.00429519003001744,-0.00364553112684707,-0.0138202848856546,-1.1686,-0.0999999999999996,0.00111504396861228,40,-0.00166764532042762,0.00144576932143359,0.00330062595622937,7.23056315340929,0.0274861366689834,0.0034703087118711,-0.02,0.04,0.35,0,-0.0200000000000005,-0.17,0.0032962685943243,0.000174226464355165,0.00117234069793248,0.108264088092269,-0.00851817465044569,7.34277918933185
2024.16666666667,0.00156341288508877,0.0043914776963474,0.0106533450234574,0.928600000000003,0.2,0.00131097482740117,40.4,-0.000994721574762103,0.0101738012043429,-0.00166805253043734,7.34729970074316,0.0399643314949945,-0.00560579415978277,0.21,0.15,0.44,0,0.0200000000000005,0.13,0.000826177099041203,0.00325727721451763,0.000994276752519951,0.0101430433369734,0.00706435220543788,7.36327958696304
2024.25,0.00142227683336138,0.00334571559040953,0.00171862004766066,0.0531000000000006,0,0.0014489808829321,40.6,0.00161817092515459,-0.00935547206218867,0.000576346227237678,7.17930796950403,0.0311558777377652,0.00655015560558581,0.00999999999999979,0,0.42,0,0,0.0700000000000003,-0.00225442560535782,-0.00797035760017906,0.000332380774658247,0.00989622085840303,0.00343938555448986,7.29709100516042
2024.33333333333,0.00130346942923154,0.00181871321979088,-0.00213352387770893,-0.462599999999995,0,0.000406354371996542,40.3,-0.00326220906582009,0.000716278421203143,-0.00112291414183563,7.23345541862144,-0.0112963685169838,-0.015537371622099,0.359999999999999,0.33,0.67,0,0,0.149999999999999,-0.000704554170498639,0.00458968032062401,-0.00225322476248291,-0.00199260264203893,-5.67172492580426e-05,7.28550654852279
2024.41666666667,0.00467898898273589,0.00462363196048532,0.0061619317981485,0.387299999999996,0,0.000495021238904769,40.6,0.00258898839760668,-0.00832923764013138,-0.00240287483312684,7.18235211188526,0.0237242130331285,0.00946216259395233,-0.0599999999999996,-0.0599999999999996,0.62,0,0.00999999999999979,0.0200000000000005,0.00171159490478701,0.0041462057841164,-0.00168285467911211,-0.113344311221638,0.00749364550334519,7.24921505711439
2024.5,0.00232937553925971,0.00281690327111406,0.000307300368700858,-0.186300000000003,0.2,0.000551850139121512,40.7,0.000307050920574259,0.00376882757190433,0.00149051525347943,7.19067603433221,0.0337879558177825,0.00631116010871752,-0.18,-0.170000000000001,0.49,0,-0.00999999999999979,-0.0499999999999998,1.49848873078895e-05,-0.000916047479088355,-0.000903853451669434,0.0613547363053097,-0.000469238535545813,7.2868764117507
2024.58333333333,0.000278349462899286,0.00369136665118575,-0.00914330431600341,-0.665099999999995,0.100000000000001,0.00033603535661797,40.5,0.000623701775682051,0.00506750060775474,4.61011731944794e-05,7.14282740116162,0.0224346905210719,0.0120379785594789,-0.16,-0.0599999999999996,0.51,0,-0.04,-0.21,-0.00164552236513416,-0.004318963538533,0.00209405979895827,0.0282588591917143,0.00918007372703045,7.26961674960817
2024.66666666667,0.00125399211552235,0.00135914913488211,0.00454277237198397,0.30619999999999,0,5.70513938118467e-05,40.5,-0.002258465574275,-0.00168002592515837,-0.000357628362378293,7.23777819192344,-0.0108550194838397,0.00581059159546571,-0.45,-0.38,0.27,0,-0.15,-0.470000000000001,0.00255282413353086,0.00404968369006031,-0.000104688711801693,-0.0897660751169216,-0.00257329958301789,7.29709100516042
2024.75,0.001306686438447,0.00507427745922495,-0.00621758071865575,-0.451399999999992,-0.100000000000001,0.000982041394353317,40.7,0.00254123102222215,-0.00337115208587235,0.000981529309483697,7.21303165983487,0.0257774328000213,0.0209455753937617,-0.21,-0.15,0.29,-0.2,-0.33,-0.399999999999999,8.835427578191e-05,0.00189790954118063,0.000560077300905348,-0.0230866434193242,0.00859376159714031,7.26822302115957
2024.83333333333,0.00232557353858098,0.00122774723832286,-0.00340128360164549,-0.561800000000005,0,0.000208955319147108,40.6,-0.00192643791000968,0.00382246905745731,0.00043698056932584,7.20934025660291,0.0299770641110992,-0.0134035972091166,0.41,0.379999999999999,0.8,-0.3,-0.21,0.17,-0.00171550464467884,-0.00165680666421242,0.000721262307338932,0.112332240004933,0.00741848946721646,7.26403014289953
2024.91666666667,0.00263026713637871,0.00317695222882364,-0.00178102501270594,0.100400000000008,0.100000000000001,0.000848036908784877,40.5,-0.00190818668128223,0.00475518249983686,-0.00150625902079682,7.16626597413364,0.0234778200174564,-0.023661939438972,0.32,0.260000000000001,1.13,-0.19,-0.0899999999999999,0.13,0.00256353375070972,-0.00139325229272469,-1.44311696121946e-05,-0.0533557905240718,0.00501781507341725,7.3185395485679
2025,0.00106496272217527,0.00709323675582052,0.010367801884561,0.228399999999993,-0.100000000000001,0.00149812762102108,40.5,0.00315596064654722,0.000421158114271236,0.00159222013483529,7.32251043399739,0.0135654292011029,-0.00716961905133481,0.0199999999999996,0.0299999999999994,1.32,-0.159999999999999,-0.15,-0.0999999999999996,-0.00395784037537439,-0.00898580658522796,0.000555722930565494,0.0311738783112645,0.00796702129300364,7.29979736675816
2025.08333333333,0.00246020584281403,-0.00605006738255742,-0.00262086460851751,-0.329999999999998,-0.0999999999999996,-0.000303237057892147,40.3,0.000608069216216034,-0.00222573562118189,0.000758251334438853,7.21376830811864,-0.00523585421221107,-0.0234401356241318,0.18,0.24,1.75,-0.15,-0.0599999999999996,-0.0500000000000007,0.00199477666440551,-0.029410932635451,0.000869896039068507,0.0746710034790725,-0.00851784846102355,7.28619171470238
2025.16666666667,0.00124890123452914,-0.00119810762252648,0.0102862253908436,0.890299999999996,0.2,0.000265337453939196,40.5,-0.00189960367157305,-0.00269646947296742,0.000512078978964325,7.30653139893951,0.00984680382362946,0.0151031148471216,-0.149999999999999,-0.18,1.59,0,0.00999999999999979,0.0100000000000007,0.000293031227943885,0.0399759583185331,-0.00201498543582446,-0.134287842773972,0.000415958769869107,7.28207365809346
2025.25,0.00650635777056152,0.00775811685848105,-0.000582765302085342,0.262,0,0.000423130731602939,40.9,0.00434481685922572,-0.0122989796330817,-0.00385172385864774,7.2115567333138,-0.0605354094262047,0.0291515437436854,-0.24,-0.17,1.6,0,-0.0199999999999996,-0.130000000000001,0.000105574430907751,-0.00114675478400539,-0.00191700141217055,0.0101034414164873,0.01508050797697,7.3004728142678
2025.33333333333,0.00542209208114208,0.00139898050901532,0.000865615484362259,-0.156499999999994,0,0.000681684797685378,40.7,-0.00716635226450135,0.00795712685322858,0.00149931463861908,7.24279792279376,-0.0569168972636902,0.0177308248704525,-0.13,0,1.85,0,0.00999999999999979,-0.109999999999999,0.00292604003882957,-0.00385091471615784,0.00128387809966934,-0.0242752354051845,-0.00108421658671709,7.25981961036319
2025.41666666667,-0.00702788715918423,-0.00139898050901532,-0.00160717801726218,-0.160499999999999,0.0999999999999996,8.20233262182057e-05,40.7,0.00309684024309576,0.00545062740989799,0.000163434489274472,7.15617663748062,0.0790041116884357,0.0161500755684774,0.109999999999999,0.14,1.96,0,0.04,0.14,-0.00354215524908952,0.00631300349190589,-0.000623085237319465,0.0495642137819292,-0.00791163394905325,7.23993259132047
2025.5,-0.000946038105890779,0.00257810211936871,0.00506807905446927,0.17049999999999,-0.2,-0.000126192519473989,40.6,-1.15693204758571e-05,0.000977323843422084,0.00104660651822552,7.23128700432762,0.036999812826183,0.0162617283146998,-0.0599999999999996,-0.04,1.82,0,-0.0199999999999996,-0.0300000000000002,0.0027645988306233,-0.00180704215970273,0.00154640416183138,0.113929077653572,0.00963364580574577,7.23921497377981
2025.58333333333,0.00307084645343458,0.0049195144285239,0.00408610385482078,0.280900000000003,0.2,0.000403760020626365,40.8,-1.14910168980131e-05,5.17137378164279e-05,-0.00115751068009207,7.25841215059531,0.0432552046330112,-0.00650264613060147,-0.00999999999999979,0.00999999999999979,1.77,0,0.0199999999999996,0.0200000000000005,-0.00181905668853588,-0.00624238742955008,-0.000257818042696201,-0.0889099873581367,0.00647111359592856,7.21670948670946
2025.66666666667,0.00121199257791815,0.0029193120254094,-0.00264644140487924,-0.0585999999999984,0,-0.000441620881966642,40.7,-0.00184964931735188,-0.00284287425064633,0.000908777520113091,7.16317239084664,0.0177015274987937,-0.00244943525695046,-0.16,-0.13,1.67,0,-0.13,-0.19,-0.00091259881251915,0.00814230261723203,0.00119568720145136,-0.0562175439661443,0.00544461602338231,7.1929342212158
2025.75,0.000900252804646229,0.00110454796803516,0.000798699303661721,-0.0361999999999938,0.100000000000001,0.00047946502716556,40.8,0.00183307326642979,0.00685706328088997,-1.46789663020286e-05,7.19142933003638,0.0269500500746691,0.00370892792205801,-0.13,-0.14,1.6,-0.11,-0.2,-0.23,0.0010841457851658,-0.000864983379718076,-0.000530037385654936,0.0390223013174147,0.000672180759952568,7.25488481007734
2025.83333333333,-0.000616559981056142,0.00274806650066584,-0.00442347573841051,-0.668599999999998,NaN,-0.0008834034320504,40.7,0.000293250916363341,-0.0122448705058682,-0.000616532805042702,7.14834574390007,0.0227747534661109,-0.0110934391576818,-0.0100000000000002,-0.0600000000000005,1.66,-0.13,-0.1,-0.0500000000000003,-0.000535002403420748,-0.00374277043976878,NaN,-0.0352157174318517,-0.00155954989193319,7.25205395185281
2025.91666666667,0.00159374084252306,0.00168185825156186,0.00118933364460716,0.143299999999996,NaN,0.000258791822359328,40.9,0.00210818196878915,0.0128386695999145,0.00012091724907215,7.18690102041163,0.000771709181123015,-0.0164556853352833,0.02,0.0300000000000002,1.98,-0.21,-0.04,0.0500000000000003,-0.00228322371278367,0.0028612617686834,NaN,0.0354640352799711,0.00550291402682213,7.23561914106675
